D Kaylil Steane,Cipaku,2dc961a4-dfa6-4be9-9c34-ee8aab911c76
D Duffy Bernollet,Nal’chik,1eb2e438-3b6a-41c5-ac6a-ea219337d17e
D Isabelle Cogle,Pingshui,ea8e8df7-0182-4d47-af84-bc52342d0684
D Bernadine Wheeliker,Vis,a5227ae9-6965-4cd6-88df-aa03b9eb858e
D Gabi Cunnane,Jatiklampok,66fc1dfc-b9cb-4854-84b1-0cbe14d97c96
D Florry Tutill,Shalushka,16dfdbf7-cca8-4ed3-8464-4a0501a0eb28
D Tamarah OlifarD Yongjiahe,9ac9b747-403b-425c-b89d-b729e2c9a5d8
D Katinka Bearcock,Toyama-shi,441aeaeb-6c80-4be4-8071-f7fd92640145
D Cesar Petronis,Los Angeles,ad2d0c79-8a73-45d5-8727-44d36ebd6f25
D Stacy Pencott,La Esperanza,8f852702-d026-4db6-87ad-ad81cf5a7fbb
D Bar Callister,Kerasochóri,7d2222d6-0f28-4bdf-925e-57f190a80c85
D Teddy L'Episcopi,Azilal,d0da5c6b-a538-4cda-98f3-284ec4eda321
D Gauthier Rhyme,Addis Ababa,3786f2ee-05b4-4b59-874c-a8fc3a0787fb
D Deeann Aindrais,Huyuan,831356a6-c5d9-41ea-84b2-7f06e03bfb90
D Dalton Jolley,Lloydminster,5c2dfe8f-e536-4903-a38f-7dcaaf4ef018
D Flore HealD Kapasan,49add970-759f-4374-9c84-d316ed348a1d
D Napoleon Folling,Agía Paraskeví,9c8fc66b-7d65-4f7a-b81c-fca07b27d7f4
D Tootsie Stollsteimer,Notranje Gorice,fcac12f3-f9ad-4f9d-8c94-8c72c22ae4a0
D Delinda Cescot,Astypálaia,e87d4e84-6e02-4263-b03d-11f79c52c97d
D Dorotea Charette,Sjöbo,88c9355c-383b-418a-957b-77f0470947d6
D Euell Gisburne,Renliu,0ee84d91-59cc-423e-a1b9-9b6868ed1eb8
D Britt Guyton,Bar-le-Duc,6597c43e-06df-46fc-92b7-b60e545ed790
D Darryl Guidetti,Banjarejo,6bafe73d-0bf9-43a6-9cc5-9a9053d10cbc
D Jae Moloney,Cololaca,116ee5b9-cee9-4362-bf00-d9418ab2b441
D Nickolaus Bliven,Chambéry,4bba8b47-d328-43f2-a793-a11d276881aa
D Marijo Mapston,Maniowy,804bc944-8765-4af3-88e6-d98dc0eb4daa
D Alexi Bratley,Racine,d8d53724-92cd-4563-b9ea-3c7f14dbafc3
D Golda Cornthwaite,Komsomol’skiy,270c9d4f-ea5e-456d-b823-53b1f64216b1
D Cristabel Rapson,Melikkrajan,1b8f731d-8e74-46fc-895f-ba4249239930
D Alphonso Brecon,Ambilobe,3debc525-124d-4a8e-a84d-864b909d9866
D Aguistin Griffitts,Garawati,b2fd1cea-7c19-4641-a298-f5430967748c
D Isiahi Forrest,Tatebal,ec5f351e-c9b3-49bf-9ade-096a432d6ebb
D Madel Waine,Paris 05,ac10c53a-d067-41cf-8fc5-2573e5356051
D Fran Daffern,Capulaan,7d0af7dc-cf30-42d9-a603-ce491de7cd8f
D Cooper Gowanlock,Bara Datu,4e416651-89cb-4ae2-b8b8-8e0c2a5c1e09
D Wanda Zellick,Cerna,8fb84989-7556-4fad-827a-4685135ab4d5
D Zonda Duignan,Huaxian,e90207fb-0e2f-4b0a-8cb1-e19fee434abd
D Chadwick Craik,Hämeenkoski,f968352e-f978-4485-964d-e430bc4aa133
D Dodie Larby,Urayasu,51980ed9-83f2-4fcf-b29f-052e59a82060
D Maxi Standall,Ādam,876b85df-160b-4b70-a869-a4f29d4e1e60
D Melissa Purrington,Beringovskiy,e756ce4b-04db-4cf1-91f5-600fa9fd12ff
D Orin Mingotti,Lluidas Vale,b6cdb332-f7cc-4bb4-88a4-8483058798ae
D Sollie Boutellier,Osogbo,35dbe79b-9050-408e-882c-c86a8a73e89b
D Leeland Connichie,Nazaré,617fd5c1-2ec3-46c0-a010-5427aa13694b
D Annemarie Cranidge,Yemva,d68b96b7-742a-48f2-a219-03109d108cec
D Trstram Trevear,Caldas da Rainha,439c7cc1-8044-4137-baca-c763a27912e3
D Alie Lyokhin,Tayug,e63c7ce5-2c75-4963-a580-3f4e9f2480a8
D Klaus Joinsey,Coronda,0aa561c7-0df0-481a-81ea-c82f2ba8f2ab
D Lyndy Clacson,Pimian,1ea5b0a2-c483-481f-befa-05f4419486c8
D Mahala Dungate,Sindanghayu,57bd42ee-91e0-4f34-a53f-2e8f8820d6d3
D Chloris Mucklestone,Basail,049e25c7-08c0-4bd1-814c-7990268c3d2c
D Montgomery Toderi,Mehtar Lām,b35e835f-d567-404f-b834-f46704219444
D Zechariah Rawstorn,Yidu,d8454628-c5dd-4372-8c0e-372e510588d6
D Abrahan Woloschin,Dongqu,41973579-479d-4e27-aed7-d3eede05b6d7
D Ernest Turvey,Palca,000a6e26-dc44-4307-bd8e-4b8e8a20ab82
D Jacques McMaster,Saint Louis,57c9b4f9-2a44-4f7b-8803-4522214252be
D Nikola Lavis,Laozhuang,8a5c7335-9519-4517-8e87-9344e7f72c40
D Lee Grunwall,Tochio-honchō,f39c545e-3b7b-4b13-9fb2-17ec03e7731c
D Purcell RiglesforD Amarete,6c6f2c20-5edd-47e5-a94f-2facb495d2ff
D Heddi Suddaby,Vishnyakovskiye Dachi,b913352a-d168-4313-88ab-072741e26e46
D Martin McGarrie,Bājitpur,523f069b-d5d0-4b35-a49a-ee589f7cc4e4
D Owen Egentan,Latung,2c7096b0-dc02-4c79-b590-0dbedd8337e9
D Andra KellarD Sulitair,1816ed69-b8e6-407b-8d46-0a5605925371
D Andras Larn,Nangewer,822aa06a-a9a9-48ad-b3f5-1e140a543930
D Alina Jelphs,Skoghall,abc7350d-85d6-47a9-84f5-18fa13bf66ce
D Gertrudis Millott,Siverskiy,6d8cb03b-373b-451d-8f02-75c6c94ef764
D Gerhard Candie,Volokolamsk,931e7709-1174-4784-9e7b-e4091ad49557
D Nike Sucre,Yevlakh,e91d0579-af8b-4baf-b166-e4007e9e530b
D Suzanna Prime,Melipilla,850ff128-4510-4b89-9aa7-e34b83645b83
D Meg Rennie,Minh Long,64c707e9-8421-42d9-be9f-c1d7ce221d2b
D Ana BoultwooD Staraya Kupavna,26e4691e-7287-461c-896b-221f452cf039
D Gilberte Treacy,Hongshi,bce536a7-b268-48bc-a39b-a2c7b4c3e712
D Blake Cissen,Nularan,c1988afc-e7c9-4967-a4d9-062690e839d8
D Ranna Daniel,Belén,b0b890cc-2cb4-483e-906e-5af4a6aa593f
D Trace Kewish,Plaridel,66e86230-5e64-483e-a38b-e89e52a1d248
D Farly Leslie,Araçatuba,84a68fff-54ca-4220-a8db-f3f9cf6b5732
D Olvan Klimsch,Cumedak,1c82b6c5-1f70-4eb1-84cc-8626964af7ac
D Bernadina McIlvaney,Lumil,30b8dd4b-c03c-4bb8-94bf-a5b9ae6830a3
D Kay Runnacles,Tianhe,ba066490-d758-4892-bc11-de20a5751b24
D Craig Leile,San Jorge,e2ec35a9-004c-4933-8c1b-f8189daa4718
D Eleanor Saunton,Aguilares,7f39fb0c-70a5-4737-8d91-fe7743fc6d1b
D Ellette Kevis,Ejigbo,5ddbdb76-efb0-4c78-a7d6-632cd37f1b11
D Kessiah Honniebal,La Esperanza,820149c9-4132-4487-8199-d59f0888947a
D Patty Lowthian,Kedungbanteng Krajan,932e4949-6a5a-45d8-bfda-5f98ff54f233
D Roderic De Ruggiero,Sult,ce482af4-3ddd-4c50-8f7d-2b634cf334e8
D Kermit Sutcliffe,Arāk,7655ce07-319c-4b27-8fc6-e0781ddfee4c
D Eldon Soffe,Capitán Bermúdez,0ada011b-872b-4040-a26d-7b455a3a98bf
D Giordano Huskinson,Qa‘ţabah,58848055-1e6b-4c97-ab3c-f69e7d9fb47b
D Piper Raffin,Manutapen,e35b892b-283f-4ae4-a894-5f19a11fdc21
D Zack Gradon,Kozhva,2693b81c-1899-4e3e-9a5a-6605ce79bc7a
D Roseanne Gommey,Masuda,aea539b4-8291-4c83-9627-4950f011ad4f
D Valentine Rendbaek,Tangwāni,cea8970d-ad02-4244-bead-02042f4e9e7f
D Darsey BagnolD Yanqian,ecb6d80e-6ef5-4cad-be29-e1420d184d8b
D Artie Grishenkov,Maurisu,288d4690-2fb6-42a4-b32c-7d32faf4f6d9
D Barnabe Hakonsen,Ereira,500e897e-29c6-4aee-a603-c513b1da1b37
D Dudley O'Sheilds,Jaunpiebalga,6e70620b-ff2e-411b-b817-474191ff1e0d
D Crista Wanstall,Dampit Satu,834aa994-4911-4675-9f62-cf69c3e812e6
D Nerty Ransom,Eksjö,f675e3f2-4bd7-4192-86d9-b30a734a20d2
D Brunhilda Tedahl,Nairobi,ea3a038b-8df9-46e5-9852-4fe4c87554a8
D Nadine Impy,Xiadu,f487a1c9-66f7-40e8-942d-649ba705a14a
D Chad Kliemke,Zavety Il’icha,1669e3dc-ceea-4b1c-9b7c-430c98c3a89f
D Boone Normanville,Funabashi,db43c0ab-4b7e-4eae-87f6-12caf759ca5c
D Bobette McGinn,Joubb Jannîne,c970aef1-eb47-4164-b60c-d622a783eeda
D Julie Nussen,Antonio Toledo Corro,39c5d582-a3f8-40d6-98b0-141059a1b46e
D Darleen Lux,Changhao,5b43d23f-a8e1-4d4c-84fd-0eeb73322d29
D Vanya Barok,Thymianá,5a26b37a-25db-42f6-ad6b-06c3d27ad830
D Falito Deeprose,Catache,7b953641-2e12-43af-aa52-e4bebe6477a9
D Kane Loughney,Tirapata,7b6ad36d-e2a3-4e75-bbbc-2e16d33a9376
D Anni Croyden,Hushaat,51a85acc-9ae0-40a9-a785-31ca00a7615b
D Bucky Rainsden,Oslo,7f297eca-8624-4cfc-8cca-610b09f5e6ac
D Marci Mulderrig,Lemahputih,76fdd9ea-6243-49e8-bee1-9daf2ddebd0f
D Lancelot Bulle,Mozelos,165310f5-5be8-4acf-880b-8df6f8f3ddbb
D Loydie Isgar,Khabarovsk,01ee866a-dc65-414d-8e38-36ed6afa2943
D Gian Jerams,Aix-les-Bains,e5ad9944-c994-4997-a7ab-f0f911784d90
D Syd Bethel,Yeni Suraxanı,3dfebe3a-fccc-4fc5-bcb6-3d8c2f8d7889
D Rivkah Renackowna,Adelaide Mail Centre,dc643704-8c0d-4916-be3c-ad5d5a7a62c7
D Bev Blasi,Yantak,f6451c28-1a4c-46b6-b7e9-02dda7d99b73
D Merle Graveson,Esquipulas,d2677305-37e6-403a-bcbe-83bc876214d6
D Danell Snoxall,Sosnovoborsk,c9430d59-67d1-444c-9e1a-3b8d24fe07ba
D Floris Nowill,Budapest,2254d505-6afc-426e-812d-91de717d18d4
D Nikolaus Owttrim,Narutō,cf8f62a8-59bb-4664-9c7c-0ae608817a8c
D Vonni O'Shirine,Dubá,aa803ba0-f195-4f9b-93b4-93e2ad5ff8a5
D Lacy Birds,Gosë e Madhe,92ce2a99-dfa5-42ac-93f5-da14f4104740
D Guglielma Godfroy,Jihuluntu Sumu,e5ef4026-43ea-4a70-99a0-5b06c049a110
D Julina McComiskie,Mazongling,5dbd9b61-3794-42c5-9b55-f7f5c49263be
D Delia Bottomer,Jovim,5d97cfdb-dbfe-48ff-ba60-79dff549d70b
D Eveline Spring,Bang Kaeo,f4f5dab0-f12f-4f21-812f-183bdee070bb
D Cornie Claire,Messina,4a7d6296-b2de-41ce-8e0e-8d611335e7df
D Angil Nutten,Vĩnh Thuận,c7fa7af0-8c56-4045-8d14-57e6cd192821
D Stanislaw Billingsley,Mahe,a9b4067c-6626-4131-b290-9863260ade58
D Parsifal Ramsay,Batambak,07e497b0-2f5e-479a-b6c3-9b038f3d34fd
D Wallache Cornuau,Valence,2c426edc-25a2-4233-90e9-94215d69dc30
D Marcille Brambley,Nemby,eb02fdc4-d52a-4974-9c3e-a02a2bdabee2
D Anna-diane Maykin,Xieba,219ece14-559d-49f1-9aee-a541d111a6dd
D Aleen Strasse,Ludza,add8ca97-55ef-4ce6-8a40-97eb482a130f
D Timmie Quinet,SvetlograD 3d0138dd-4965-4c71-8653-80d04952d48b
D Norton Walker,Vila Velha,88ce1f49-db61-4b14-b41f-300d327eeb90
D Othelia Brosius,Douane,e73b9c4d-627b-4767-92a4-73185d1e8192
D Faydra Hamblington,Chirpan,a03d6ce0-0f93-4af3-9c9a-491fec8ff42f
D Marena Trouel,Maomiaoji,af304851-b2ca-4fa8-b80a-681334dada17
D Riobard Schirach,Xiangfu,8d9faf93-34c0-4414-a2c3-88ce6c565c14
D Licha Tunmore,Gandusari,8c09f1da-e430-4725-b000-9e22240349c6
D Marisa Laver,Arnage,e8909b23-6807-4460-a567-3c3d73a12315
D Chrysler Danilyuk,Geta,baddece4-f7f5-4d76-8686-82dd8456c168
D Dita Swabey,Tacheng,27de6893-3b4c-4f20-9821-452a83adc117
D Dorolice McLuckie,Cidadap,27a292e4-29a9-416c-a490-fa15337010f1
D Humphrey Gaymer,Ore,41cbccee-4cbc-48b1-85b6-aa6adb57192e
D Quinn Gready,Ccuntuma,9f6d3359-d15c-49ee-94c6-1ea59ed9a83b
D Rycca Bydaway,Marne-la-Vallée,677097d2-c2d1-4cd7-b0a4-77a811d70a62
D Fabien EynauD Hengqiao,7175d2da-1d74-47c6-8850-3a1463a5bc8c
D Gun Cashen,Hutag,10df2c47-bd18-4678-86dd-1e4a1c77af6e
D Ellswerth Postians,Cafayate,280fe074-18a1-40e6-878c-a769e47ceef4
D Shari Postin,Romans-sur-Isère,3111f7f2-18f6-4e28-8a6e-3c0feb815e6e
D Ally Rostern,Maimará,bcd89bda-c4f4-48f4-9bd1-eec3550a4ddd
D Dill Draper,Krajan Gebangan,13da673e-9c52-4690-b34d-100e821f5163
D Merle Soldi,Traganón,ef216be7-bbd7-4634-8e77-8294d88d9196
D Jacklyn Antonognoli,Mossendjo,dde04726-466e-437e-82a4-500ca5e58d06
D Tootsie Lassey,Dacheng,cc23ba93-35d0-44fa-8260-679a23a0ba1a
D Burlie Cattrell,Dallas,8a09988a-e46d-4869-830b-c345980c0e01
D Moyra Loweth,Remolino,93eb8c5b-332b-4f4b-8a0a-f782452064a2
D Stacia Leason,Al Qarārah,9cca1127-b608-4028-8318-d5ff1172f8c8
D Vivie Cutchee,Tarrafal,d0f81923-7d86-4b0b-8918-2e01e3dce8cd
D Kristine Robic,Hejiang,f4bdb0f0-608d-4e4e-a60f-1c4212f99b3f
D Denna Chattaway,Sinfra,10f0ca0b-28cc-4793-ada0-9e942cff53af
D Ginger Petronis,Ciketak,c2a73a53-4a40-4133-9a35-9d72a9d5f697
D Belva Hawney,Buga,9c121419-bdbe-4411-a24d-d6319866cf8f
D Trent Favel,Kharkiv,e6dfed65-55dd-42ae-874d-831e43343d98
D Hurlee Yate,Hengshanqiao,b0367577-63fa-404c-8371-682665b67ea6
D Jolie Grocock,Wierzbica,2d04bb0d-54cc-4da3-8d48-cbf7e565501e
D Carver Doone,Nardaran,f76b2cdf-2f98-4e2b-9f1a-e300d92a070c
D Shelley Swancock,Ḩawallī,c8fbb614-016e-4990-a3ec-0121925cf67a
D Clementia Thireau,Nankai,ff95d0fe-4435-4806-b1f1-4475c8f7560b
D Cecily Maddox,Ruda Maleniecka,1df492a3-c4f4-42ec-b278-1ff2223a6176
D Karlens De La Cote,Villefranche-sur-Saône,361bfb0f-8adc-49db-8102-9f127be5ed94
D Jerrold Tonner,Hưng Yên,816ab362-6acc-4c60-b9c3-8a8e6c32d325
D Konstantin Easman,YstaD d64d6de5-20ed-4d3c-afbd-03285aa02104
D Vlad Sivell,Severnyy,b48b40f9-80d9-4a30-ab7f-9a04ea6ef0b1
D Darryl O'Hanley,Campana,a45f2e2e-f501-44fc-9c7b-976eccdc91d8
D Chrissie Eschalotte,Sidamulya Satu,f3746f04-2bec-4fd7-8b56-51912827469a
D Jeth Dryburgh,Philadelphia,b88d0fa6-4a50-44ea-9c1b-a1a03e12163c
D Cleveland Winsiowiecki,Albany,0c5b0c3b-8ea5-4322-8a8f-abd27d4a6803
D Blaine Romagnosi,Dayr Mawās,4b28ff76-d3dd-40d8-859f-f4a1fa1a135b
D Bastien Rubie,Infantas,9d3cc6df-56ef-4773-a04f-089de90912ba
D Liva Marriage,Bergen,e5570b9c-2359-4c6e-a59e-bf501eccef3c
D Kathryne Fairham,Vetlanda,5774112a-ef07-4579-86fb-edd43d3ec2d6
D Ari Grosvener,Kanungu,ef39747e-a3c1-405e-bd08-576846cb2d04
D Roddie Wisby,Järfälla,61fdb40f-44aa-43a3-b368-9ecb5b55b4f0
D Christiane Cropp,Raub,ad072545-1f36-4ecc-81d6-5f0e1050255c
D Armand Twatt,Santa Cruz,e27294dc-eb3e-4908-92db-6cc760ef90eb
D Lancelot Twelvetrees,Campo Largo,496b94c3-1b23-4f3d-b32a-fdb888f4c21e
D Adey Wheeler,Nanzhai,7759fd93-ce7c-4db8-8178-16e7470119de
D Taffy Batters,MacArthur,16382bbc-82b1-474f-a711-ab455af547bb
D Krispin HeadlanD Vidin,1f658a30-786f-448f-bb82-ab21b0f14021
D Menard Baudrey,Anoek,278d3af3-413e-4941-ab0c-dcd6c1814fb9
D Anthony Madden,Dumlan,11f10927-de54-48e5-bb17-84c9b22149e4
D Noelani Revey,Chikan,1642d173-33a0-4986-8376-ec8930a278e5
D Mata LarwooD Chone,ba5191ff-5015-468c-a3bd-aaa0df90b099
D Donny Drew-Clifton,Tongqing,4eb04e2f-0464-4b98-b234-3b11eae9665a
D Helsa Diaper,Tarnowskie Góry,919ce624-7705-47a0-9348-3873abcceec5
D Ernestine Rickasse,Valle de Ángeles,b6593412-ac27-4a94-b159-f000a4b13efd
D Martainn Womack,Shilibu,7da9c57c-85fd-429a-bd18-c4c67e227084
D Burr Pamment,Épinal,febb2ffe-2907-4a7c-973c-ad6db132af97
D Janeen Yarham,Koanara,ccf99492-4a18-4ab4-97ba-95e1f2f5f597
D Ancell Nortunen,Posadas,64564837-ca29-4b9b-b164-2a7954a4ecb8
D Brnaby Muckart,Cerro Azul,3d1c280e-07db-439e-a039-9603234ea603
D Wye Jennick,Rust’avi,42925dc3-8cac-4ce1-a4f8-ad8e24273b88
D Mab Le Conte,Beitan,6f12891a-6426-49d6-abdc-166dbd26c0dc
D Mile Smee,Nürnberg,49316c9c-e688-4636-8100-c9ec351dd3ca
D Claire Patroni,Châtellerault,3c6c1681-c93f-496c-8934-7fd608e0aa8a
D Nataniel Robken,Sanchahe,42fd087d-42f0-463b-b4b2-fa843b9ff3b2
D Laurena Oppie,Ögöömör,a0d67e44-241b-4386-a607-25e5f5ef9f6f
D Ebonee Szachniewicz,Xincheng,a8e3b266-4edb-4d6a-8025-30ada698a180
D Morganne Rudram,Rukungiri,c80f0339-2894-43dc-a12a-2edde4cabdc0
D Ezri Lamblot,San Antonio,b2e7eb5a-7529-4fbb-ba08-155de24580bb
D Diahann Ranahan,Al Wardānīn,3e4a409b-7d99-4d56-b9e9-cd37c81c7806
D Ophelie Tsarovic,Gyigang,c4af3410-cd2d-42b3-b3cf-b690c1d11eca
D Felic Whebell,Xilai,c34de958-d47b-439a-9074-2af06c19ee9f
D Deeanne Orfeur,Tucuran,83335b26-2b74-4e54-9113-ce1e2d15c161
D Morlee Sitwell,Mersa Matruh,efe40d99-6426-448a-8655-61f33a818e6f
D Rodrick Tyhurst,Jingpeng,5121f216-b908-46f8-b77f-667735ea9642
D Lynna Turrell,Bohdalov,2ae8c0ff-076d-4ee5-85a4-63dda9a11d43
D Nanon Cardo,Hehe,54b1ba83-7eab-4143-b75f-93b1cb0755e4
D Gerty Brahan,Uchkulan,145e2359-a0dd-49bb-b1ef-2e382d3a3419
D Georges McKilroe,Ngandangan,138908c4-ae5c-47f9-819d-b7e51329ff2e
D Hestia Gantley,Sawahan,e9958d8b-e24a-4c62-8e50-20939af5bda3
D Vidovic How,Stefanavíkion,a13c3253-f5a8-4ab3-82d6-4fa8421b5a35
D Amalia Cregin,Krajan Bakalan,134b0c49-b655-44fe-b5cc-527483b3c354
D Maxi Scarff,Chirpan,bd8d3139-45c5-438e-8929-bc4dae38005a
D Trudie Matteris,Kuala Terengganu,10b3c77f-2e36-4ba1-848e-c9ee35b08d6d
D Edlin Mace,Anguera,f7b08296-b0df-4f72-b7cd-2e4962e28767
D Hagan Dailey,Changgou,12643000-5787-42fa-9c0a-390bee5b0911
D Anetta Bau,Honkajoki,041d36dc-6494-479f-81a1-bc91e42503e1
D Kelly Gibbie,Qiziltepa Shahri,4770186c-2dd1-452e-9d9d-b1ba589f8793
D Red Durbyn,Kedungdoro,8e3afe04-e87e-42eb-bd7e-a624512ccde4
D Edin North,Cavinti,4fe7ceb6-0aa6-45af-80f7-429bcb479fbe
D Buck Walpole,Hrvace,76d2334f-0d25-497d-af01-9dd132c8ba79
D Salli Allman,Jeżów Sudecki,302a70a4-6751-41f1-b6d1-fe93af6092af
D Di Godsil,Yushang,33cb8711-8169-45ce-9e41-f6a00eeacf82
D Brennan Chestnut,Takaka,7b339051-cc27-4d14-b6f4-2dd3b2fca87b
D Bili Butters,Xinyu,3e5033a2-2219-4750-b503-6b636ec35a69
D Alicea Frantzeni,Tabor,030a01bc-54c7-4b8c-8eeb-0b653c6fe37e
D Bruno LepparD Tai’an,0d840848-d56e-4750-9664-f887b1c017e3
D Bell Saing,Jesenice,6193837b-d9b6-4f90-a1a9-80842c3620c0
D Pier Divill,Orenburg,8fa7f5c8-4bef-49c4-9b04-245dd694ac53
D Harman Cozins,Ararat,2cda506f-38c8-4f57-adb8-f0b27e52028f
D Alonzo Rubinsztein,Akune,24bc672e-0362-4eec-b649-2787c3cb70fb
D Friedrich Twohig,Tanahmerah,adbc3427-8aa1-4324-a87c-fb7ac732efc3
D Zedekiah Toopin,Wushan,5a94810f-dd88-4efd-a3ea-b222d3b17c32
D Gregorio Stadden,Esmeraldas,ab3222e6-5bd9-4fce-879d-f5748750a8ea
D Humbert Meharg,Noyakert,7017d6a9-a165-438a-9e20-b5b77d43e6b4
D Cayla Peerless,Unión de Reyes,1d584e8d-cee1-49da-a9a7-52bee833249a
D Giacinta Bolens,Weixin,36250851-92e0-4cab-a0c1-7b784e1b6e80
D Annie Brammer,Tacna,ddf2cacb-ca9b-456b-b6da-de9adb0665ba
D Doralynne Groves,Hegarsari,7f4336b7-1fd2-4779-b870-cc5a6fe2cb0f
D Quill Jamrowicz,Leticia,bddb8c52-7fac-434d-8702-d32fdf9a5301
D Marilyn Trevers,Santa Clara,8df8e529-5432-4391-b502-33aac18d44a0
D Wake Pietraszek,Linëvo,810f466f-3428-4aa6-8691-3fc2556bd942
D Tamarah Simoneton,Dingli,f686827a-0791-49a2-957d-5c8117f52f7e
D Wayne Espina,Manyava,424c4370-95d6-41ef-99a8-0c33fcc59016
D Alf Yushmanov,Bačka Topola,eb397003-7a3d-4eb8-9d57-36116c365065
D Fanechka Duxbury,Zakupne,7ca142f1-5213-4141-8671-4c55818ccff1
D Roz Bonavia,Tahara,b979cd52-3aed-43c8-a2cb-79db3baf490a
D Bernice Antoszczyk,Poshnje,b18293f7-ee11-4a16-9148-bf2cd3e9c241
D Ibby Le Fevre,Pucara,ea297709-e55c-4338-9251-42f59f540c21
D Clayson Alishoner,Dashiqiao,7812aa7d-6f2c-48df-a6ec-b9da2ba994b9
D Mickie Zuan,Singosari,e29ed907-79d3-4432-b945-8f5f5844c851
D Bat Jeanneau,Suugaant,a2c63744-b73f-4cb8-bf17-0767c52c55bd
D Christos Filchakov,Khrebtovaya,bbd7c0f1-7305-4e94-bb31-2b8dfefa91fe
D Teodoor Wauchope,Lazaro Cardenas,130179d9-1483-4824-9dae-e13377fa2df0
D Boote Loughrey,London,72985ea4-54b9-4c5c-b438-4aaf807bf36f
D Etienne Carnier,Samangawah,23147cf9-6bc6-4cd2-8e94-048c03e32c7b
D Cymbre Thick,Kímolos,9da6177a-60b9-4930-8979-8137f1168645
D Mendel Adamowitz,Saint-Germain-en-Laye,225bb838-1ff7-4c21-9000-f3ff9aafe5d3
D Kearney Droghan,TalshanD 02d16779-bde1-4fab-846f-54cb4b740d9e
D Jarret Verbeek,Örebro,eaa3e893-5411-42b1-88af-cea885d2dbb2
D Teddy O'Henehan,Dualing,0a99d852-95aa-46b9-92fe-de8730648c66
D Aleda Spick,Västerås,84e24b80-4a39-4191-8fb9-919bbb3bf558
D Inge Oliva,Levski,058249d1-0bda-4f18-bc9a-e270df97db20
D Ezequiel O'Nion,Žitenice,480ff007-d646-4120-863f-b6c5d68c35c5
D Aloysia Flewan,Werangere,8e7659c8-21b7-4677-a81a-3a5527b40956
D Yancy Heckner,Australia Square,b331f18a-46ef-4bfa-b1ea-6251ec411201
D Kincaid Beetham,Xinpeicun,99917b41-72f9-45ac-92c1-037d633fff78
D Blanch Dionisetto,Komoro,e94ee8e2-8a25-4710-8ecc-7e1c599cc962
D Livvie Aaron,Sundsvall,a3c2bd1a-d438-4d8e-9a0e-0530dfaf5184
D Ax Grestie,Grzechynia,82053507-b885-4c95-86a7-62b29644dc43
D Virginie Britten,Koson Shahri,f2890633-b09d-4ddc-8b70-2393652d8c98
D Friederike Jerche,Dukay,abc735ea-527e-4cec-b774-6e2be81bdf4c
D Fransisco Ianiello,Bago City,aaf2406d-d3ee-42a8-aab7-6a776a183be9
D Nicole Patrone,Al Jarādīyah,aac59d5d-e4d8-4f9f-824f-7dc98a73cc24
D Gill Stilgo,Trakan Phut Phon,512324e1-0018-454e-9b47-564050bc243c
D Carine Lawry,Grand Rapids,4c611792-5d6a-4cc2-960f-38fc5aea88d0
D Lucy Tocher,Castelo,ac8c7c85-a1e2-4554-9c33-0531e7b76c1f
D Courtney Sampson,Gävle,30d70a2d-bde7-486c-9573-16a0b8df3c75
D Eloise Montez,Xiamazhuang,87229b7c-0810-4794-9a01-a816a6aceb48
D Titos Duckitt,Studenec,603ffef7-0fcc-4853-8250-321b00497c12
D Melissa Boliver,Rucava,5e2facc9-c97f-46e5-8400-d9ebb948cd67
D Beck Degg,Lipu,5b258e7d-5674-42c8-b4a3-74bd63e3fd53
D Shelley Gowrie,Gŭlŭbovo,6206ed42-9059-451b-9d49-ae358b8bb91f
D Minerva O'Cahsedy,Aubergenville,bf6f3aa5-b83b-4987-a0cd-fde8b916ee0e
D Uriah Cornbell,Kanal,468b8997-1611-40e8-83ce-f74006838da5
D Suzi Rennox,Aqaba,0598235f-a066-440a-a501-6f44b2cdb76e
D Juliette Bewshaw,Gaokan,d51a8486-a858-4b35-801f-07cfd6a7ae80
D Cordelia Bartell,Mengla,384408c2-95a2-403e-bdf8-5bd38a19a71f
D Joyan Conwell,Henglu,085b07a6-1253-4b1d-bd2f-aef0f6d4554e
D Royall Maccrea,SakranD 97565201-d013-4998-8518-2b477542bef1
D Solly Nowakowski,Daşoguz,b20d78f1-3f33-410a-909e-fd1dba0d1829
D Rafael Gulliver,Maglaj,7a6e46b7-51df-4488-8060-2dfa797e58d4
D Eba Londesborough,Sumberkenanga,7791210b-175c-4e51-891e-a8834411f499
D Dimitry Joddins,Lue Amnat,58c62f6e-1e92-4f51-bef5-97bd6045e6d6
D Enrique Bust,Patapan,c2fc5d4e-3295-48c5-9781-d09e1700ac27
D Morlee Judge,Chongxing,7a961b32-14aa-4735-80bf-7b0fbedeca6f
D Bree Billingsly,Lüderitz,06e8f110-79a4-4ef8-9421-d1ede9b69c47
D Barry Rolance,Solnechnogorsk,64296021-2e4f-4a9e-95a2-b7d7b6e0dc6b
D Amandy Extall,Daojiang,b1cdcfc8-d91a-40c7-8908-0bd069ae4c5c
D Giorgia Lloyds,Guzhuyingzi,65a35bb3-82e9-47ae-b522-82adb9e58703
D Robbie Franceschielli,Marseille,afb9aecc-9f41-4cc4-a38a-6eef16f97695
D Patricia StranD Trần Văn Thời,c29af7df-0bc9-4a99-bd73-d039f5c86472
D Dedie Crosgrove,Gunung,3b02a38b-9888-4d60-96db-c564a108f435
D Cobby Ewence,Azogues,c00b2e4d-e728-4be5-80ca-39a6fde8705c
D Karna Gittens,Vyksa,0c1e2b83-1991-4cb0-b776-42beeef80c5f
D Selene Iredell,Cerro,119cbd96-e0a9-4b4c-9d67-55f66d227f76
D Mill Pierro,Kilifi,c4b85e83-9656-4313-824d-2e7542269770
D Francisco Wort,Marly-le-Roi,ca67c78c-9b6d-446a-8e8a-35e681f51a4a
D Tessa CowlanD Kawagoe,58159b20-bfde-48d6-8195-24fa27ac45ce
D Catriona Tremolieres,Agua Blanca,2804bf88-02d1-4fb2-8835-654525d9f0dc
D Milt Henrot,Ōmagari,4171ba52-5110-4ca1-be8c-a1d72f565930
D Keith Phippen,Nowshera,0e17f4cd-940b-4ba0-9494-52c7aa31abdc
D Jennifer Klimp,Chiryū,a914a88d-0bab-4b40-a6b2-084ca365bacd
D Emmalyn Radbourne,Salinas,a104a7a7-de3f-46dd-abdc-9d15e1b75e6d
D Vaughan Roberto,Jianfeng,c99b56e8-bc1a-48cf-a7ed-79e6a73e10d7
D Christie Orris,Poręba Spytkowska,f5e523fc-5642-4276-b9c9-5697c53bd197
D Verna Buttle,Qincheng,a1726a32-a87e-4ea1-9679-21c1344a0675
D Elise Stanlick,Casal Novo,62a91e05-41f4-4b51-a074-a5d85ab409f1
D Wendell Ounsworth,Al ‘Āqir,cbacd518-7b2e-4c01-9756-e365b1cf53f8
D Thelma BomfielD Sarzedo,7e8f46a3-68d2-46fe-b813-ede8200b4afa
D Sher Kinningley,Alcabideche,1096c60b-de7d-4bb7-852a-6c419bbb18ed
D Galvan Brett,Mahekou,b4d9d0fe-6ba5-4104-82c3-ede7fb80bf8a
D Siward Petren,Humaitá,3e47251d-b09e-41c3-8e81-126c8840a0d2
D Wally Wheway,Paris 20,ea834908-8e8a-47a2-9fa4-6d35562528a4
D Ali Jephcote,Berbek,4afd8f01-3b40-44ed-9e78-1fefb37d31a7
D Darleen Browncey,Arraga,a26a2db7-eb6b-4f30-a8bc-a3b8c675f929
D Shannon Duffil,Sucun,69a5b0eb-7c23-4d05-b71e-45494ee1bef1
D Skip Eaken,Lianokládhion,b5e9ae51-ab8c-41b9-9e5d-f03ab417f245
D Abbi Cawt,Mishkino,87a0be8d-46ce-4d6c-b4de-266a2b730f9e
D Crissy Hourston,Jaga,6e61af47-df0c-4144-af5a-021ee13e5928
D Barron Trevaskis,Raojān,3f6e3534-b082-488d-91c1-049678b6e833
D Wynnie Asbrey,Rimpeso,21044fa2-306c-404c-8384-131cb872a742
D Jakob Dominiak,Liuhe,75c85695-7523-469a-aea6-3cfe7aa29636
D Cathie Titmarsh,Oliveira,81f6efa3-aafb-4d6f-92e4-7e5d9ed4bc1f
D Austin Kopke,Rongai,60f0e2fa-d541-4091-ae5b-e7d6e53546b9
D Evangeline Normansell,Aktau,42583589-a989-4e20-9e4c-db0e615817d2
D Ram Pleavin,Bronnitsy,3def4c03-919a-41df-bd7e-34dd2d553946
D Rozalie Foston,Havířov,825fc0ad-1e09-4246-a968-bd44064646f5
D Allsun Stokes,Mörön,34771b69-5d6f-47e5-af90-9727b5f09fae
D Tiphani Kapelhof,Yuzawa,66915a8f-0df1-4674-9324-73cc6d464fd0
D Euphemia Ney,Mekarsari,9a9622cd-ab65-4d19-bb58-8a23ca36f1a3
D Mar Wiltshear,Zouparria do Monte,c8104235-f8d5-47d1-be28-8fa09f65ed45
D Jany Searson,Tuanfeng,0658488e-9fba-4a8f-9e16-2ac426559e82
D Natividad Rasell,Otuke,b5dcebf8-31f6-4344-86b2-9d14d0589524
D Sindee Sugar,Saint-Jouan-des-Guérets,bbb8e503-5f13-4ffe-8176-1ee82cdd32e2
D Rupert Dyte,Shawan,b97fcbba-4c15-4af1-9c1c-3efed1f427fe
D Pattie Goldie,Yelenendorf,012fcdf4-8973-47e6-9fd0-cb9480db1ad0
D Whitney Kondratenko,Cipadung,e52dc7cb-ac61-4193-a426-7b02857fd950
D Derward Mossom,Ar Rābiyah,f48bbc9f-48e8-44e1-b94c-10a93f562c66
D Cristen Annott,Wates,8bc58237-beec-4b70-ae25-4113b575453c
D Saundra Chastenet,Moss,74475160-cfa5-4c56-b1ae-1d0799a3626c
D Marsiella Di Bartolomeo,Yelets,90c1ae83-81e6-420a-a3a7-b88a3493f034
D Lenci Bayns,Lewolang,ae0794e3-ea49-4ecc-a5a7-f0661d753613
D Bord Culpen,Dobřív,02fc668f-8f52-49cc-bf99-13c30eed4099
D Ashla Fronks,Chum Phuang,46c9d31f-fb73-4fd2-b09f-090eb1e7b54a
D Kirstyn Greatorex,Rizal,be40a4f0-27b0-4174-9f23-5bd867a9ab17
D Hallsy Sleany,Svyatogorsk,71070532-5fc1-46c4-a6ab-05bda4dfe156
D Eugine Martusewicz,Pekuwon,904ab831-ca2d-4d0b-bdf4-c0c25ad747cb
D Sigismund Bover,Los Nogales,7b0d7872-d283-4895-b138-6abcfe5ab3fe
D Tades HawkswooD Czemierniki,f0e5286a-cd4e-492a-ae8b-949316c2604e
D Denise Miskelly,Gutang,e799a12b-056a-462e-b732-680d79dd1b8d
D Starlin Cassell,Žirovnica,49e7b401-d962-4699-8d6a-1f0f86accfec
D Joscelin Surgener,Magoúla,86a8dd50-1df9-49e0-af0f-a6ac5afa3c1d
D Alexa Lemery,Gandajika,34a6a1fc-8bd0-4eee-9178-846c4c041a93
D Melina Kryska,Buenlag,cb16db9d-27ea-4b30-b546-d29d9e84da2e
D Xenia Mistry,Makarov,1ad14da0-923a-432c-af96-c4ebb0be7cb9
D Collete Chasles,Pangal Sur,c62ba4c6-822c-43c9-9ec4-22a1b1cd7fd0
D Erik Moulds,Wotsogo,976123bc-3413-454a-bcd4-e8a6cc7c6b6b
D Che Dedman,Yiánnouli,e2a673be-2c73-4a2e-ad45-32beee3d93bb
D Ryley Bontein,Türkmenabat,f5092e80-6c41-4ef7-b343-a02e91828f36
D Klement Roylance,Phanom Phrai,78c4543b-8f9e-430d-bb84-5515f809beb1
D Gaylord Pauleau,Bacheng,772847b5-b9cb-4b41-925e-ec612fd9e207
D Magda O'Hickey,Zamostochcha,ee4c7db1-fc7e-46d2-94e1-2b758e829c6c
D Towny Davitashvili,Fuzhou,a11600cc-3e05-428f-9580-d8d3accf8d81
D Flint Armatidge,Wulong,5b7d6d72-455f-4660-911a-5b12a55e5889
D Shelby Itzchaky,Zhencheng,8c702957-5603-4d90-948b-c22189d2d4cd
D Wilmer Belf,KloulklubeD fbb2f7b1-ed70-4d0d-b74d-6ae883f0a7a3
D Arlana Chinnery,Cầu Giấy,7f34425d-cf79-4a39-a73f-d5fea146b46c
D Julita Sewell,Mollas,294a2224-f7b9-44a1-be53-3e7ea8a10e60
D Gearalt Kenwrick,La Esperanza,cac53798-2c7d-433c-9991-60e6453b5af9
D Katharine Goudman,Campo,1102129a-659d-41d4-845c-3894822bf7ad
D Gennifer Wandtke,La Francia,319b4044-604f-4c13-8d38-9c07969d5ed5
D Fields Goggins,Dongzhou,054a58f6-6731-4e0e-9abe-4a1ac7870656
D Sabrina Airs,Khuma,9c58dd3f-e663-4d9d-8931-8553e91aad74
D Boycey Bartrap,Évry,3eddb298-0191-4348-809a-7550642f739a
D Garwood Jacobovitch,Yuzhno-Sukhokumsk,2f476d0b-31f5-4c4d-a5de-a7367d970893
D Felicdad Liff,Tangfang,d5a90c3e-b69c-4770-bf8d-b201fb436315
D Eugene Janson,Kisasa,96e15df1-4d21-4ca2-953e-2edbc996c343
D Cristobal Tadgell,San Vicente,9cf400a9-4f63-4ce4-b905-7b38a7676d38
D Yves Brimley,Phayao,f491bd71-4c29-4acf-8e23-d585e6eadc76
D Farlee Kippie,Ilangay,96ca9df9-24e6-46d5-9b20-d4afe0134f1a
D Addi Tonner,Jeziora Wielkie,fc7725e1-b365-4bec-be6b-dc38beef3071
D Ingamar Sprules,Ignalina,f4e6bb0f-fcab-4355-8d12-fe786f16032a
D Chickie Cambden,Shangyong,20518938-2385-479f-9980-888aa480fbd5
D Malia Harwick,Espinheira,87911262-a0e8-4229-85fb-ee1d96e55145
D Reine Duplan,Eindhoven,a3d8ebaf-033a-4edc-9cb4-7f699fdee5c2
D Kingsley Clucas,Bakau,0a6429b6-1cd8-488b-ad97-19ea21d871f3
D Corrie Corley,Telêmaco Borba,a89621ab-2151-4917-86bf-9f8bf570e623
D Mycah Le Grice,Colonia Mauricio José Troche,419c143c-75f9-4a81-a187-2b7ff39354a8
D Raffaello Dadson,Beicheng,77270a82-ff69-410f-ba66-0f6060e0c2bc
D Pierette Wadham,Saint-Ouen,a4fb1343-b242-4360-8083-97943a610553
D Carol Graalmans,New-RichmonD 77a901f8-eef3-4b3f-b51a-2d9e6a3e7c02
D Darci Dobinson,Xiaojia,7affd219-e84c-46e9-91d5-6adf0f4690f8
D Sherlock Camous,Luleå,220c79c5-53a9-473e-9f0d-6387b3082d49
D Nathanil Golda,Mulleriyawa,fc4d412b-80e6-4bf5-a190-190d6cbd9b94
D Daron Laise,Borkowice,0f27b707-aaa2-4129-bbd3-1be484221ad6
D Coral Skirvane,Hagonoy,0fc4a531-80cb-421d-bc85-9eaea4178874
D Zackariah Ganter,Aguas Verdes,8f9da4d7-30b4-40d3-aab5-169d2093602f
D Saunderson OakwooD Julcamarca,7edc5a8c-f419-4f08-aa83-48d04d68afa0
D Nilson Cocke,Jabungsisir,fba8bbe5-3a58-4da5-b8e4-1c0fdd75191b
D Ulla Schwieso,Gulou,5e7c106c-fc7d-4d83-a1b5-97fce023f88c
D Cecil TibalD Erie,247a80d3-b399-4f6d-b016-fd012a498bb7
D Chiquia RobilliarD Kungshamn,cdb135d6-c12d-4a92-8f95-fb0b78d28613
D Dorie Dodgshon,Kut Rang,52a4722d-8f35-404d-b8a2-c98bcf2d2ae2
D Niki Gutridge,Dzoraghbyur,5b507b00-1560-4f8e-8ed2-da172062011a
D Thayne Discombe,Ostrzeszów,b4bb7fb1-4ecb-45d5-8fa5-c6e6747c9798
D Heriberto Burger,Quillabamba,3bf1bc37-2074-418c-8dc9-f273cf712672
D Allan Burriss,Druya,8d1515ca-f086-4a61-ab1f-91a8fdc935cd
D Tiler Lillywhite,Jishan,0b933162-db90-4756-a9a5-5b73569a2e1b
D Laurianne Bengtsen,Pavlogradka,193d0dd6-0d0b-4374-a643-22e3c486d906
D Jeana De'Vere - Hunt,Guanzhuang,69f770f3-01cd-4f27-8431-5cfa50691391
D Juliann Fielders,Bedinje,ae713c58-dc01-4200-8ab5-913b636d868f
D Maryl Borman,Daliciasao,7c5a4385-320c-4e82-8e6b-7bfae4648624
D Son Kittoe,Chipoka,4670a7be-6872-49a0-a3db-1806f7de7198
D Samuele Davydochkin,Chinú,7fc0b328-7d8c-424c-a22a-e747f0af584e
D Munroe Blandamere,São Domingos de Rana,c00d8740-b772-4140-aa66-a2f1f94aee08
D Lissy Guppie,Stockholm,2ad8d8e1-11ed-4a08-85f4-02b04d395f6b
D Ryann Dacey,Songmuping,b2ebd3ca-8114-4f0b-9404-b7ad05105572
D Jacquelyn Duling,Kongsvinger,89fd79b6-8b71-48e1-87c6-bb36ddca1a03
D Price Geake,Paço,8a418315-88c1-4b52-90c8-13827b5df55f
D Shurlock Aldrin,Kadusimbar,b0eb5e24-5c06-4daa-bd05-bacff6d3b31e
D Nealon Giacopetti,Mibu,e6a65cb0-5235-4938-a4f4-b4b19bd254c3
D Julieta Pelzer,Suugaant,aedd5f93-3536-4fd0-9a06-6e8a7022bd6e
D Laughton Everwin,G’uzor,71b89c04-f249-46f3-af85-4750a15c1613
D Dominik Saket,Chengmen,dce2a6c8-5259-4378-bc6a-c3d7aca9eaab
D Samuel Westcar,Stockholm,b1a3fe54-1488-4744-bb60-f3a08224696d
D Kristofor Block,Hamakita,763d2229-f58f-4e0c-ae6b-d85fbc81440d
D Hill Stainton - Skinn,Ḩabbān,137189e6-5cb8-4f3e-84d5-a09e072789e4
D Tatiana Keerl,Rájec-Jestřebí,e42fc29d-499d-4daa-bef6-117be74e67c0
D Farleigh Navaro,Gap,1ef4677e-0a52-473a-9c77-af39c213e1ee
D Kristan Lindenblatt,München,6dba6d80-c33b-44c8-a5ca-0adee4d5ba55
D Teodoor Mosedill,Nanping,ba3f1ec8-61b1-467f-81c2-6900e90ab749
D Mack Duffell,Quintãs,5efd7dbd-f59a-4e97-abd7-574f96ace465
D Clerkclaude Maunsell,Poroshkovo,94f70a59-4734-41eb-b245-82c86a51004c
D Darda Hewins,Limoges,5975c730-f696-4579-bf0e-3d9cfe9f7f29
D Jasen Saxon,Bodø,a68b7cc0-a21b-4eab-b2f3-d86846d364f9
D Deborah Busswell,Qitao,99aa489b-cfd8-451c-b768-58955d20baef
D Berton MacCosto,Jarry,930ac5e7-f2fc-4d9a-8bc8-983369b70297
D Keefe Nealon,Sudimoro,c6d07042-f522-4ec7-bd50-8e1ebd7c18f7
D Valina Clousley,Hanghuadian,aca6ffd6-e944-432f-9697-d115eb792f33
D Chase Olexa,Kineshma,ef90cc78-6c04-4c09-80c2-a10e75aff6c2
D Sena HasarD Arapongas,fddae02e-c3f7-4212-af81-cd47e8a1b39a
D Bradford Garmans,Bayanbaraat,b91025b3-17bf-4c36-b6b1-3d5bf4115070
D Loren Tschierasche,Lubień,612afcd6-5c12-40c1-872a-e6cb2421dbc0
D Hartley Lemmens,Nenagh,0156e399-93bd-4cbd-bee1-f066bfafa213
D Reggis Crankhorn,Fonte do Feto,deee8e92-446b-45f3-8f25-80f0f06baa89
D Marguerite Lemoir,Zhoinda,3853e44e-2a6d-435d-847e-fdf1478582c6
D Robena Andreix,Jalanbaru,3a54b36f-0f3b-4470-a022-ba03111cb4b8
D Carolynn MacAllen,Tallkalakh,befa4404-73a8-49e9-9c7b-b021b29d1d1a
D Laurie Awcock,Castro Daire,4bc21e9d-fdd6-4193-97b3-c379f0662420
D Morie Gawke,Bobonan,0a70d8e6-2826-44a0-a72c-17fb1b17f33c
D Hedvige Briscow,Riyue,7304238c-b8b5-4e22-9013-a7bf0381a065
D Lanny Yedall,Kyprínos,fa0887f9-1adf-4314-b847-c26164d9d0f8
D Bonita Farny,Beausejour,81d459d1-7bf5-417a-a03a-9014e023ac3c
D Evangeline Weaben,Jinjiahe,e041c111-61b4-41d3-9147-1431eda06159
D Philly Sealey,Xai-Xai,9ca98e3f-67d5-420e-b261-2f15ad744540
D Kellsie Fandrey,Lazarevac,ec1e4b95-f524-49c5-ad33-3ba1d2bd2f53
D Ely Slark,Ordzhonikidze,97018e3b-c9b7-41bf-bb2f-31e22b9596bb
D Earvin Gianotti,Sukaharja,24b16958-297f-4d1f-8c69-99b06de54398
D Odilia Goldring,Ganjiangtou,ba007f99-b289-490e-a702-8dfc67ec47c2
D Barrie McClenaghan,Mariposa,b649ae9a-3e83-4380-ba53-8552d9bb78cc
D Lydon Leupoldt,Citeureup,c5d41cc0-7499-48b3-85a0-56b0660eb741
D Mitchell Birmingham,Chambar,d3ddf629-e655-49d7-b3d4-88855bc48f4e
D Haily Copin,Hainan,c52c3916-0d7e-4962-a09c-a7763576cc63
D Zaria Kelsey,Yunxi,c9a8ff50-c866-4152-877d-cc77a7068b31
D Palmer Kynforth,Picoto,537471e8-dafe-4193-b722-87f60dec725e
D Towney Dudgeon,Xuji,593f87a4-07b4-40c5-a59c-cdfea4774ff5
D Meir Lazenby,Szczawno-Zdrój,3a112250-7ab2-42fd-ad95-79c37a7d0096
D Eustace Connar,Chão,846c2c50-ec08-458e-b171-aedf7811b068
D Isabella Johns,Przodkowo,45edf647-e207-43c0-b03a-ba73c2afb9c1
D Marlowe Dadswell,Salto,3faaeeea-ac05-4b55-83e5-b5d05fcf7c7c
D Issi LeibolD Philadelphia,99a5debc-6f48-4751-aa8a-4cfdab9cf581
D Cirilo Eplate,Toulouse,3c0804e5-0676-420d-baf4-54796d8af60c
D Valene Daldry,Tanghu,1299579f-63c6-49cc-9cb0-95dc6af3d726
D Arnie Eberts,Nyköping,364f1fb6-1e26-449e-8eb2-9a2ce899e63a
D Daisey Manketell,Nepalgunj,f3573f5b-c7c0-4f89-b3a8-bdb2205a3d19
D Alina Tear,Seremban,11e9d7fd-0772-4378-bdb8-990e0c66673b
D Walsh Faldo,Frei Paulo,d8e8fa8d-694b-427a-bd30-cd52e301db51
D Gizela Youde,Tofol,0f41a983-2aaa-43c3-a700-62d4d6ede517
D Ailene Bonson,Ore,41a4117a-fa73-4306-b4c7-94d72e429801
D Jocelyne Syalvester,Jiangbu,d0269f77-c8f2-4c49-a6b5-eeb5ce2c3ef7
D Sherwood MacKowle,Qingfeng,253e034c-adff-47b5-a511-d30c7fe80498
D Frieda Gladding,Villa Mercedes,a611c6e5-2cf9-402e-b508-a8fed641d0e8
D Adamo Kingaby,Wangmo,4fce2b87-3e68-4e6e-b773-e34613e4e003
D Avrit Tanton,Taznakht,5fa2353f-7716-47ac-87a8-45fecc50a77f
D Tiebout Jansa,Maromme,a80aa628-bf19-4382-bf39-e1fb4d84f834
D Nessie Marshall,Ananindeua,503f4dc7-6c25-4694-9110-cfeb8588ccac
D Dacey Neljes,Eha Amufu,98e1068e-a519-4bdf-9901-abd4f3ba63a2
D Dionysus Schieferstein,Tucheng,0845c72a-cf93-44b5-962b-62e0df049231
D Findley Southorn,Krylovskaya,fd9b66bb-d45f-445c-98bc-1d54777e7f6b
D Jacklin Jandourek,Jovellar,fb76639f-6586-4159-b314-362c57017919
D Heinrick Cattell,Dengfeng,3e6a8af9-cf64-48a5-b5fa-22b22e7edaf1
D Ashlie Maylin,Cambridge,4a81fa9a-e81e-4fbd-9c75-788f681448a4
D Merci McDade,Charneca,f427ed6b-12b2-4c6b-a675-5baa25dce38e
D Ernestine Tween,Iracemápolis,8cec05fe-226f-4334-9482-7272e1a779f7
D Marsha Nolton,Huayucachi,36bedbe0-16ba-4270-9835-41359f77c44f
D Teena Beinke,Retiro,3a166713-4349-418d-83f1-300d46e0f31f
D Gussy Hellmer,Jonquière,acfbc343-8cac-4900-bab5-6681ba21f3e6
D Beitris Gronw,Manolás,a55d230d-97b3-41f3-96b4-21c1f2c6f713
D Jesse Hellin,Saguday,ae8903de-564f-4b06-86a7-7fb7c06939b5
D Dur Galpin,Concepción,39a9be2b-dbfa-4778-81aa-cf159c061f28
D Darbie O'Donnelly,Whittier,a5513fcc-4f6c-492a-88cf-147caaacef4f
D Janene Levensky,Reston,fec9a1f1-4ea7-4fa9-bfd0-71f38a171448
D Otis Callow,Xiangtang,ecddb5e3-8e8e-4605-be31-c7a22610dd25
D Renado Schimek,Xuanhua,0479874a-0c19-415f-87e1-b99c69abcbb6
D Ibby Edgars,Sicamous,25bf3f64-a1c7-415d-91b7-ad75b9e66a35
D Nikolas Kislingbury,Ripky,a3f71850-cc9b-4017-ae7f-cdd23557b4ec
D Garvey Sketh,Reshetylivka,635a21d3-bd76-4798-a0e5-1850202198c1
D Deloris Coper,ŞuraabaD 21636383-2153-453e-8295-af3d40f61505
D Dane Grimmert,Sumberkertokrajan,16f55ba2-0deb-4939-862b-b1519a7a53a3
D Garnette Simacek,Bantawora,4f0767fa-ec0f-44c3-9e3d-ca56373b4544
D Madge Caizley,Czarnożyły,20bcf675-1407-4cda-a19f-56a944b8eff8
D Von Pickavant,Xingong,f484a9e6-e813-48b1-849a-48a92dfcda9f
D Theresina Yarnall,LakelanD 846e8333-3449-4836-b30e-de45d30e1ab6
D Berenice Kervin,Menzel Abderhaman,4d7ec5e4-911b-49fb-b689-c1e73480f2f6
D Sonnie Dutteridge,Trzemeszno,717be846-9df7-47e7-bb19-7a298e4693fc
D Jeddy Rosas,Gantang,71e95d60-caf1-49a4-9a5f-bada2126768d
D Julianna MacCumeskey,Kamen’-na-Obi,3c177bbc-ffca-4cae-b4c8-5d3d29d68d55
D Uriah Caldera,Světlá nad Sázavou,5fd1c3a6-1a89-4bac-99ea-26a0a71c793e
D Lannie Clayworth,Kumla,43129b64-5228-407a-a157-af444f18497b
D Hort Kitcat,Dzerzhinsk,ec73848c-28f5-45cb-982b-6d4ac68a9001
D Silvanus Patient,Taloko,45c24414-ccc8-423c-9845-c4ce952c68d8
D Bidget Moehle,Samal,2a770733-eea6-4a70-98a2-7a8858e6dc0c
D Trefor Santer,San Jacinto,cf901cd5-f5f1-4dc8-8988-e3baada5eeb4
D Silvan Skeleton,Kuantian,14977a4f-7142-40fc-9287-84a94226d07f
D Sibley Wason,Realeza,9ada7fb4-6582-4de0-81c1-f13d00d16536
D Astra McKeady,Potok Złoty,7194bd30-9397-446c-81bd-9a67411be031
D Dixie Slidders,Sundbyberg,d59f0c9c-626a-4af5-9c74-45597790adff
D Hi Spleving,Cherbourg-Octeville,ff88db58-4845-4d6a-9a16-772fc9ecc72f
D Elora Hollyer,Songhu,e89491bd-1467-4e19-a00c-087574414af9
D Tessy Sawley,Ntoroko,faddf2cd-0108-4175-a9a7-e8acfbe41099
D Tully Snalum,Chornyanka,9b34459d-fdd3-4d45-9b10-78c5e751fd83
D Kaile Altimas,Corumbá,253e9903-31e3-431a-aefc-c7f49041baea
D Jeralee Dullaghan,Kalimati,547ff60b-6393-4dc6-a629-ebdf59c792ad
D Gwennie Maidstone,Kazaure,231744b4-3df8-40cf-a9a2-13b1e0d91e7c
D Billy Boom,Johor Bahru,8bf77e82-b8df-4b1a-aab8-ff787e6b2dda
D Fredi Tytherton,Lamalera,6ce964a9-f100-47ed-9eec-cfe21d5935d4
D Freemon MacVanamy,Atawutung,1fbaf52b-531d-4c1a-8d42-178a37d46f2d
D Thea Dowdney,Daphu,aeed87e5-24c2-475e-bbdb-26fa0e6c8c21
D Katey Titcom,Teberda,7a3cf9ed-81a6-4b66-9fcb-66f90c2a4233
D Jami BreewooD San Salvador,c2a14947-0465-4a10-a131-22ed385e7d45
D Doralin PitchforD Phoenix,9b014c75-375a-4cde-9eca-a5779f764b2c
D Antonius Philott,Banjar Batanpoh,c2e834ab-404c-4441-a90e-0623d43d4ee2
D Payton Isacoff,Valdosta,e09c136f-0027-48a7-8cd1-da22c688d633
D Gisele Chillcot,La Victoria,720f0c40-256f-48ef-a41c-5963c4f792ed
D Perrine Beckwith,Sukodono,d423734a-450a-4486-aa3d-f64bd92afdd7
D Elna Traynor,Shazhou,5f7a3390-b139-42d0-a153-c175ad5e4241
D Gerry Humpatch,BaluD 9b762ea1-9a46-4b73-aaad-179be867dbd9
D Harli Keeley,Klisura,39f1913d-b231-4616-bd21-7c05b9badaaf
D Quincey Aubrey,Kecskemét,b8fa3657-ecec-48f3-8953-c311d2f572ea
D Daffy Leal,Cipicung,3b6e579a-4e84-40d4-b3cd-b2dc7b5e296e
D Cicely Castanho,Mananara,53eda1dd-3ade-4454-ba98-a7e76f94ec09
D Obie Axleby,Arbuzynka,5904cd2f-515a-41e4-9fcc-f8c1cc6f4e3d
D Donalt Proske,Quípama,99d6ded7-172f-452e-8375-dd12e89035a3
D Donall Pedri,Ngampon,c04faa1f-ebb8-4133-a5e8-2361f2939d19
D Tracie Godon,Slobozia,17a63a84-d761-4094-9cab-0a8fe62f605b
D Lena Robison,North Little Rock,a0c7e2c4-46e1-4365-bcdf-7f4dd08b0cb4
D Lurlene Moxsom,Firá,b3e539f0-163e-4353-b506-62b4b6bf1bc6
D Karim ChurcharD Laveiras,86c9f778-d553-4e33-8ea4-811558f5fea1
D Clotilda Zink,Curuan,65f91abf-b41e-4fa7-b301-2cb2cbc65b41
D Rena Lesley,Padabeunghar,7a243602-0a05-445d-b419-c863205f8336
D Katalin Bartoleyn,Proptisht,bb0d5862-f93e-4e9f-ab35-b57eaff2034a
D Lazar Sorro,Kamwenge,082a29ac-c53e-48f8-a727-e387ee4bf16b
D Lanae Reckless,Kanália,df04a5e8-0d17-4fb0-a347-164b899c4cdf
D Linzy Sperrett,Nazaré da Mata,bcba1f31-a899-46d4-91c2-0cec0a51e839
D Judie Megarrell,Tlutup,4c31dd96-e7bb-4442-9eca-a4c5ca0815e1
D Hilton Woolvin,Marathon,1a29c8a6-74d4-4871-98e9-8b2adfbfd4dd
D Aluin Bilt,Sịa,5e023c99-9284-4526-b8d5-6b1bc1ef8f8b
D Shannan Huc,Hövsan,8eb985c2-20f4-467f-b32c-77ba696c4f45
D Maire Wheeler,Rumoi,a82f3358-696f-41db-b5e8-136a80083904
D Hurleigh Harrill,Västervik,3d91aac0-a587-4403-8214-c50cef166f9c
D Garvin Spolton,Oslo,c7e53d55-4957-4cb9-b64f-64cbd93a6504
D Syman Sturdy,Bantuanon,5f6cb3fa-cc18-4715-8c0e-e70ceff2768c
D Peirce Moro,Lishu,d5a35728-d480-4db1-a5fe-f4eb2c249329
D Rick Tort,Ginebra,f7dd8179-377a-4f97-b227-7a88b036329e
D Lynea Waberer,Kouzhen,e205b084-482c-448c-b5e8-9b943f0db354
D Brittan Dragoe,Xiaofayi,a0c1a2b5-4e62-4a6c-b878-f73d23e87089
D Donnell Bremen,Negoslavci,61f53851-d188-4eed-972b-13c7870b05a4
D Rich Shilladay,Lingcheng,83a8cb4f-41cb-4363-8f5c-8e62363a6410
D Luigi Meade,Kuvshinovo,2d67691d-7071-4472-94b7-f936c7658bbe
D Hedvige Wildt,Pelabuhan Dagang,b97d3b99-3870-4758-bf78-e13faf4893fe
D Bat Clarkson,Savannah,eacc5022-5760-4a39-8b61-73f46b36f627
D Irina Stuckey,Guantou,65e40794-a74f-462a-883f-c3a13d0f7da2
D Kristin Heatly,Tibiri,e3b81fb6-d10c-45c4-8076-525dce386cf5
D Caroljean Westcar,Phra Phutthabat,45d0df39-1669-4a3f-89df-641b270bfdb4
D Merline Crocetto,Nyahururu,ccc655b1-c4c6-4c57-8677-6b39b309486e
D Skyler Barbisch,Konza,a9b5837d-ef44-4b3a-a2be-966a65cd043c
D Kelwin RaunD Akkol’,2d5821f4-a0ca-408e-a291-ccf4a11501cc
D Casandra Scanlan,Ivanec,429dff86-cc59-4f78-acba-153df8e12a2d
D Libbey Arkow,Marseille,14a9b875-a582-4a7f-9a0c-97925d5f3ea0
D Nessy de Grey,Jorok Dalam,44bfe200-b8b2-4ab8-a945-178846617ae4
D Gillie Cabble,Pawak,1c4b02ae-aafc-4b8a-b327-4f02e772b26b
D Kelsey Boyda,Lhakangtang,69e2e519-9e06-485a-9d16-8779dc8bd160
D Jonathon Simpkin,Mulan,09453a67-7ff2-43bf-8518-cd0ee318775e
D Justis Fawthrop,Taraco,fd4461bc-117b-43f3-815f-42e7f8296840
D Lauralee Boutwell,Wuyang,4c731704-89aa-4a52-8b11-4fc3fd0f8a92
D Bertha Nestoruk,Fenglin,2129364c-6e00-4ea8-9a98-815b2f40d921
D Agnola Lossman,Pirot,b91bf7c9-c9c8-4e86-bfa6-aa671a6fab86
D Henriette Bartot,Heung-hai,8bc8c8cb-d998-4fed-a819-9798462f2c1e
D Celestyn Marcam,Patos de Minas,1c1b4897-20b6-4733-9b73-02a89c33fd18
D Jandy Bourhill,Guaxupé,4a9d6d00-6331-4a1e-8372-7bf44bf24888
D Matty Mollon,Kiyevskoye,bcf10e94-fed5-4b75-81a3-f03343876737
D Anstice Revan,Cosquín,3346190e-a84b-4249-a8a3-f5b07ac01ef7
D Burk PetforD Azaruja,65a836eb-bd36-4a54-b80b-446e39ca3253
D Jennine Barnbrook,Goubangzi,9a50c42a-973f-4b1a-abbf-dd20caba07b2
D Sheppard Anfusso,Valada,4308d0e7-c97b-4609-a28c-aeaa4430889e
D Zacherie Hastler,Wuqu,36fd2493-f318-4710-8a28-43aa928e6014
D Cameron Furmenger,Annecy-le-Vieux,f0817caf-e6da-4894-9978-09b70a92942d
D Ray Snashall,Newton,d0cb375b-3af2-433d-9b92-74193b6db759
D Neile Hartfleet,Kingersheim,46290dd7-90c3-4867-b771-847a51291c04
D Euell Feore,Vitória de Santo Antão,782d15d7-a8b9-4d97-bc29-c57602326de7
D Cozmo Quantick,Budapest,47e8c0e3-f047-490c-9e5f-f5e0a7aaefe0
D Faustine Giercke,Caromatan,64ac0dba-982c-432e-9b83-9c29de61f83c
D Branden Leacock,Pengulu,a582868e-50e7-47ac-9c2a-460f98c938fa
D Gilberto Hardeman,Södra Sandby,d4d7df75-3c8e-437f-9b40-f85ee2f442b3
D Corri Sacks,Lipu,8457570f-8a77-4059-8ba8-e23ae41fc38e
D Ava Fice,Tanushimarumachi-toyoki,8f4eb953-fc04-421b-91a8-2f44ad686724
D Idette Hastler,Carrizal,2782f4c7-55a4-4445-9efa-0f7b61fc6827
D Randal Shakespear,Nueva Loja,2e7465c7-2d66-41b3-a241-228a36f38bca
D Donaugh Yve,Peza e Madhe,585e2ee4-00f2-423c-bcf4-899907df1f40
D Frances Van OorD Mesógi,f69f21ab-04f5-4e59-9045-9efbe23ad8b5
D Gilbert Beacham,Sogamoso,b2dcb9a3-89f9-411a-9ae8-fcd105ffdbce
D Gunner Gatecliff,Yaroslavl,caab5ff0-8fd6-4403-92f7-3c036cac61e3
D Luca Wells,Baćkowice,b75c6c9c-abaf-4678-ad0e-09869c5a912a
D Ricardo Ridehalgh,Ustrzyki Dolne,0b85f0de-361e-40d4-a969-e40247404c8e
D Earl Louder,Labinot-Mal,28080ab1-2faf-4946-acdf-956fb9345091
D Teador Belsey,Ínfias,5b71b529-2bf8-452d-81cd-dcb99f71ea63
D Alfons Risborough,Kano,871a51c4-0fec-485a-b863-ca93a28d0a55
D Mattheus Jesteco,Jintang,27e5e7bd-5f91-4077-8c89-4a8c38c9b2b4
D Kirsteni Emmerson,Azacualpa,19bceafe-4d35-4854-857d-e17d4af7b3d9
D Alfreda McCambridge,Woro,7e0593c0-63e2-4f5f-a465-af965043bc2f
D Marc McClaurie,Qinggis Han,2bee17da-2813-49fa-8c37-76c925489415
D Hazel Kinson,Hwawŏn,d1a35633-9d26-462c-9085-e6391bd9f574
D Terrijo Brownsett,Vila Nova,d370af19-e676-4a7d-a2e3-9a079770263f
D Hunfredo Spreckley,Lecheng,2f7d10ed-6fa9-4695-9159-a5a4be00a30c
D Angie Clacey,Skomlin,988d3b9a-c5bd-4c74-85a6-bd058e5cc67b
D Reinwald Penquet,Gromnik,9d25b903-8aa6-415a-8a28-48ca5ccf2806
D Corabel Wattam,Banjarkemuning,776da3ff-fa85-4d0b-84ed-49bd512d8df0
D Kathie Markos,Noisy-le-GranD cf0d4512-5f43-4534-83f2-71dc0ecbc01b
D Richardo Gepheart,Montréal,0cd3a314-a14f-4659-9ca5-259caa7fcd28
D Winston Connors,Kuruman,84c6c8fc-752b-4bfb-a572-1252369b2c42
D Novelia Franschini,Birzai,a71d0f75-c6bc-4f68-9b4e-c7842505751a
D Chery Tudball,Nagorsk,4b0e6d36-f759-45b5-98bf-4f6717d73c56
D Tremaine Greveson,Campo de la Cruz,270cec38-0ec9-41f6-9f04-0667627cf8f1
D Mufi Pimley,BielefelD a260baa3-acc2-44dc-9ca0-fb9c1b9b4887
D Koenraad Dodle,Pryamitsyno,e00a6dc4-125d-4438-bb71-6fa384d126e0
D Benni Lebarree,Bolboc,365513ca-4baf-4ed5-9c04-f35a937364fd
D Hube Roll,Maicao,feab728d-73c9-44ee-9ad1-a4014560bb36
D Abbot Timmens,Mino,f0820f33-5349-429e-ae4a-6ac1ea852a4b
D Nickolai Larraway,EqlīD fcabc7d5-00ab-441f-979d-e622d2c64213
D Lazare Gorgl,Felege Neway,fb9bcc85-7dcd-42cd-b03e-16c7eacfa254
D Alikee Chittey,Shangju,16505f10-efb5-406f-9a96-b784f99bd3c4
D Agnes Speight,Kthella e Epërme,531fc4ee-48d2-4e7b-b43b-8ef985382f3a
D Jorry Cammish,Torino,9a746442-5ccb-431a-b08e-195a51ce5609
D Jamaal Posselow,Fès,f0a13a81-e7eb-4272-a2a2-bbcba85e2638
D Harry Ladbrooke,Maqiu,f8effab9-359e-43c4-89d1-830b863f0a84
D Minnaminnie Slade,Lenakapa,8296391c-7231-4afd-955b-9dc385446e06
D Jareb Endicott,Barcelona,75930428-9702-4bc3-9bce-813659e57a2c
D Karena Beak,Yablonovskiy,1a57885d-578f-4e32-8dab-df509f564f01
D Almira Carren,Foxrock,35927faa-367f-40dd-860b-7e602f544ec8
D Hayes Dent,Pirapora do Bom Jesus,a5aa20c3-235b-4f7c-9dd5-7115244020cd
D Ozzy O'Regan,Arroyo Seco,48d9670f-526a-4f6c-959a-aa255e1ec653
D Hallsy Attenbarrow,Nandaime,9d364a84-a509-4056-a83a-71ac2dd053e6
D Heinrick Charity,Vasyshcheve,8ea84a89-8d8e-49a2-bb6f-bfd41e11b744
D Cassandre Coulling,Alimono,3ed6a83f-1220-4797-9987-77d3c04315aa
D Angelika Warrington,Baqiu,8b3297a6-5dc7-46c1-ad33-19d86bd8be02
D Christian Vankin,Trmice,41cd760e-94ec-4d20-a35f-5bada17cbb1b
D Aloise Flett,Bagroy,1af43f14-109e-49d2-90b7-28bdd3e2aef7
D Rudolfo Winning,Tyoply Stan,2fe4a97b-e21b-4563-ba5c-8fef5c5f3200
D Brena HanseD Shicong,589d694b-2b13-4fef-a99f-c686a7f872b4
D Briant Koch,Simpang,5f09b27e-5cbc-45fe-b973-612c0e6c32a5
D Giffie Jonke,Dikirnis,28de0bce-4cf0-47bf-985e-b725353f78ae
D Vivianne Ronaldson,Fuente de Oro,6b6d446c-7e5a-4715-b3f3-3a4e356ec139
D Luis Hedderly,Oqtosh,847f5b34-ee37-486a-9aba-5c103ee04375
D Cornall Cleaver,Sabaneta,860ee0b6-079f-4206-9aa9-6a9a8f30e76e
D Marabel Newburn,Pasarbaru,8264f46a-e146-4653-8034-4975c1673056
D Audry Vogl,Askiz,01d2b784-af55-4272-8f8a-d6090de22a75
D Kerry Gunning,Jishui,9526d0ed-ad1c-400c-bf3f-a887f7b8ea80
D Elga Deniso,Hengfeng,302edccd-8ef7-426d-bdb0-754660e436f9
D Patience Housley,Mosoc Llacta,5e1475e8-3dfd-479c-a9cc-e7a498aa5f19
D Dee dee McPharlain,LangtaD 26410f08-3890-457b-a033-b5ac77cddaed
D Rabbi Stitcher,General Santos,daabf9cb-640a-4bc6-8758-399f5c541cac
D Celeste Bosley,Chillia,73bed19a-c60a-4a8e-bfba-bfcb981146d2
D Aharon Spurryer,Aryiropoúlion,593a6d7f-3e3d-4bf9-81aa-b6025f733d45
D Findley Lancashire,Gangou,f357a25e-3ff4-4b3c-9429-803b8ca10667
D Rennie Fuster,Moanemani,b8bea23a-8030-428f-8080-264e74979540
D Ivie MacLeese,Huangtukuang,cb87c9d2-1a7d-4b56-8cfe-a54f9dbd8908
D Beulah Niese,Guali,b9c1612e-5101-49ac-902f-c01dad7c9583
D Archaimbaud Blackman,Ouro Preto,9de02d20-0c2a-4c38-8988-af87dd0a1636
D Leslie Perrycost,Gnieżdżewo,8642263b-dbd7-4f6b-b4c5-311389f0b870
D Shannen Paute,El Paso,8d6ac453-e48d-44be-b1db-95b6dae14012
D Vikki de Broke,Mariano Moreno,4fbcd15f-35bc-4cd1-8c36-9b15abde4bc6
D Eimile Ambrosio,DzuunmoD 2a321b43-89bf-4e7a-91bf-43de849f127c
D Arty Snodin,Koesan,8ad8b124-ac70-44c0-b1d5-ff38ac4b661e
D Felicio Rosendale,La Quiaca,c9f13045-c230-41f2-9b1a-303a8bf2378c
D Karalynn Rennicks,Douz,9110f3a5-8356-4bb8-89ba-ff5d9a5b678a
D Elisha Walklot,Coris,fa7d680c-eb18-4ace-bb86-484117bcc74c
D Niki Ashe,Goroka,5502fa12-d39b-4a20-a4b9-1ba0412c316f
D Wallis Jarrel,Sidenreng,f749a4c7-11dd-488b-adbf-7676d7eb9a60
D Corliss Abernethy,Isoka,f00d7df5-b848-4341-bfbd-8223fddfeede
D Rycca Bussons,Norak,12ba5a30-6910-4a09-8481-07e5ca2bd967
D Davon Masseo,Tulsa,1d48f390-c3fd-4c2a-a8f4-785857ae6dfd
D Muriel Picopp,Ilesa,5ea54bc7-e4ee-423c-bcd4-9985857d2cd6
D Chelsey Avrahm,Yaosai,88a1de91-31cc-4068-97f8-7c747ed2f5ed
D Clarke Pagen,San Rafael Oriente,a87ec966-7f20-4760-8618-87d99e576cf9
D Meghann Prin,Santa Iria de Azóia,6c5e1071-f1d3-4638-a16b-00920019db8b
D Elijah Dysart,Saint-Denis,e136b85c-d825-48ee-a7ef-04e5f922d430
D Zarla Sokill,El Realejo,00732b37-a48e-4307-9210-fb37649186e6
D Gianni Lugg,Kunčina,b3d39a27-a63e-44f0-9c6c-7c3693787223
D Sarina SislanD Puerto Ayacucho,8a1e40ac-13f7-433b-92e9-7af41e421f55
D Meridel Elner,Piduhe,b19c661b-4d00-4f36-b759-133254328180
D Grantham Curnow,Los Rastrojos,85c27257-da0d-4d0b-a02a-5bf06d9a4659
D Berna Goozee,Kangar,539179c5-4d39-448a-b451-78bbd372e2aa
D Maible Paffett,Nancheng,1a5b17fa-ecc3-4fc3-a723-cd35750e5518
D Gloriana Rearie,Tieli,f6eabc13-70c4-4d05-a377-52b562b1788a
D Tomasine Talby,Viline,6f742377-cce8-4949-850b-6268b44d5eb7
D Claudie Cotton,Plateliai,87a7e391-a242-4748-9fec-a61107e9aae9
D Aluino Dillestone,Natal,bad248d1-8e75-48cf-9f9d-dd29bf7205dd
D Glad Durban,Zhize,2bbda1f6-1db7-4377-aea6-a78e4ea6e88f
D Cayla Avery,Ucuncha,b803d10c-2363-4a76-a98b-519933d48dde
D Hephzibah Ivel,Sattahip,50899c4c-cb1e-4a1d-be3b-8a92f52e3376
D Myca Ankrett,Hodkovičky,1224f7fc-58c2-417a-9c65-1aec34182f2d
D Blair Oakey,Peristerona,c1006271-f4c1-4556-9c79-942dba677927
D Malvin Riddich,Rennes,c92037dc-2297-44b2-aa01-40787f111b93
D Katusha Christoforou,Lixin,02a08ed5-e16c-49d8-a946-e7820e893a8c
D Korella LinggarD Chiguirip,a3a40dab-4ebb-44f1-bde6-5ce42775fceb
D Oates O'Hogertie,Donglu,61b9472a-1f75-46fa-9b25-7f905b49aa38
D Darlleen Wickerson,Honolulu,1e6142b3-cb88-4f8a-ba14-500e4dbd321c
D Elsworth Gaiger,Gao’an,1e88f91f-39c8-473e-93b9-05edcd326e03
D Marmaduke Bygott,Norabats’,91bb6c23-b6d6-4a8c-af6d-032018a8206b
D Agna Creaney,Studená,ad9a0fb1-8ca4-4099-b79f-454ee47e7392
D Ruthi Antosik,Sillon,f9319761-86bc-4508-b9ee-6d6520f5ef16
D Harbert Spivie,Yuncao,b3950298-ac14-4038-ba51-1f7881f2d501
D Ettie Mardee,Hengshan,2b485490-1df8-47e4-8087-b84fcb8cca42
D Natty Lockery,Perpignan,b7d9f82c-044a-4319-abc5-a573d11cc8be
D Kiel Rachuig,Huiqi,f000f7a8-c359-4d64-bee0-86859e87caa4
D Maurizio Chrstine,Pingshan,e0b94d71-9742-4ecb-a3f4-28a9160ca002
D Sherwood Figgen,Mingcheng,1e41f6f6-3d42-4c92-8578-54f65b372bdd
D Pace Hesey,Bobonan,7faf817e-4347-48a1-ab53-185d9c863138
D Reade Mordon,Moosomin,1610ef89-924c-4e34-bd8a-06951ce55f68
D Albina Frohock,San Nicolas,af422333-470b-4acf-9a3d-295a73c5beaf
D Jorry Elman,Zalanga,07b3ba9b-e1de-402b-96ba-03b991f7fc39
D Levon Clohessy,Jorf,64635475-24d3-408a-820c-1ac1771b3525
D Rafa Faraday,Ambelókipoi,65bbb63d-30af-4318-9947-6ed687ba9cd1
D Tabatha Gourley,Loúros,56dd163e-391e-41b7-b3ca-a9cdaff75e83
D Lindie Muckleston,Nidri,74d66030-c295-4d29-a392-52012086fe5c
D Hilda SapsheD Haarlem,3f2d0097-2335-4ad3-a2d9-5fa66b1e75fa
D Sher Geggus,Veselí nad Lužnicí,18057cba-ff4e-4c73-8cea-0093f074fe3f
D Xenos Ashling,Pawłowiczki,3e0a5c4f-5d6c-4036-94a0-8dd640ee7190
D Goran Axtell,Palpalá,630ee023-e962-4869-97b2-274b4a894e31
D Erik Gagen,Sibanicú,fa1648a4-cb4f-4785-90a2-64ac098c4871
D Mickey Benoy,Ajaccio,6ede309f-7352-48c4-830b-609032b3f27b
D Hugibert Burnitt,Mapiripán,df507b5d-7880-4e3f-8084-872073ec574c
D Jessi Souten,Yinyang,b3f14e69-c57b-4241-ae44-34186bddd18e
D Joey Fine,Curridabat,fefc23aa-596f-477f-a383-4bfdb67acac2
D Shermie Rowthorne,Jianxin,70705755-b462-4a3d-b86b-b49547c3e25c
D Andie Camilleri,Hongtang,927e35a0-2168-4dbb-995f-4297bd58c797
D Say Kaiser,Cunliji,d2e36110-893e-45e8-9b09-1b632104ce01
D Stirling Dougherty,Verkhneye Kazanishche,01f112f7-9c6a-45c9-8d2c-96f6cdaeedbe
D Hamel MacSwayde,Rogowo,bee10756-aaf8-43c9-a42e-db8df0251685
D Corri Sallings,Cuba,b1d8521b-729d-4920-abe9-b0efbd4f8cf7
D Raul Disman,Dongping,958e016e-64a4-4cdd-9ac0-ad0c71f0ba3d
D Delores Ogelsby,Hubei,49e57712-a7ba-43c3-a350-710f41ac5fdb
D Dillon Peckett,Smedjebacken,98fe30f9-b7a7-4e40-9fd6-6c6b25b3e997
D Pietro Cotter,Konibodom,7cd2b2ac-988d-48f5-ab0a-298e411b26ac
D Bord Cochrane,Igbeti,e200106d-2181-4948-936c-bb20c44a0abc
D Heall Leggitt,Santa Elena de Uairén,8efc5ebe-c971-45ac-b328-6328f8248d23
D Buffy Kill,Jaguimitan,499b4097-acc3-47b8-89eb-27d623665a39
D Viv ClissolD Carletonville,4d6c275b-4f58-432a-be8c-ab2a05412405
D Missy Eliez,Sidem,0bafe406-5bf6-4ec8-a992-e8dcc93afc8a
D Adria Donohoe,Tlogotunggal,96350586-962a-47ff-9561-5c06e34af945
D Currie Sutcliffe,Donggaohuang,c0bf6148-0f3c-431b-b718-282a51f98595
D Gerald RiggearD Daohe,1e67e3e7-4d93-4193-b854-6225719ac313
D Jacquelyn Huggins,Ambulong,e47fb846-5097-458c-8670-26dd779a4ef9
D Dyanne Barrowclough,Cesson,cddbdc58-f424-4cad-b378-d68f0c5a9c1f
D Mattie Venton,Jambulang,de33d872-3cfd-4697-873b-5b899d6c32d5
D Marga Leblanc,Jocón,353ab6f6-ebf9-466c-ab43-ecc9dd61ffa9
D Ondrea Eytel,Palca,75da3639-f43d-449f-8d98-c18829f4df7c
D Caterina Elphee,Stockholm,cb19a108-7a4b-46de-9b1b-5b4ae9c8ac64
D Piotr Presley,Kołbiel,b2afafe4-e5e8-4186-8916-cba03d80a245
D Melva Billin,Wanjia,36b59ff4-454e-4e8b-9249-6de02f9e7761
D Candide Parzis,Cibiru,3169a2fa-3a75-4774-baef-6d35a5c5450d
D Loria Jozaitis,Herzliyya,66b976db-c52d-43a3-ac14-77bff1ac0a73
D Ogdon HaquarD Dzagam,75e97ff0-ed5e-4799-9aa0-6de7dae6723f
D Marcille McKeighan,Sarkanjut,cb934466-a447-4294-a64d-f133e7ceaaeb
D Lesli Cruwys,Bộc Bố,576d51f5-d9ed-4dd5-8c9a-ab95081c138e
D Neddy Loveredge,Paris 07,424e9dbe-92ab-4371-9062-79111495bd8e
D Aloysius Hazart,Bakaran Kulon,4823ed0a-1897-4dab-8d88-87c5b72d2db8
D Shalom Facchini,Huanza,36da1fe9-fb40-40ae-ae0c-8be4d25455ef
D Aguistin Crossby,Lundazi,8f9925d8-d672-4399-8e6c-2c02e050ba7c
D Axel Dayer,Yagoua,9ab9c938-af49-439a-b503-8215a32789e2
D Rebekkah Zelner,Vydreno,ac8bcfc3-901b-428a-82a3-961c7eb64b50
D Harlin O'Noulane,Sŭedinenie,b976f011-2d36-4e4b-b7a2-b176428e3ef2
D Rozele Sheardown,Święciechowa,1adcaaf7-bc38-4976-afd1-f5da0f88dbef
D Caro Pummery,Sadov,5695e506-bbd0-4e78-9b5a-e9f424cc5979
D Jackie Clayborn,Dulles,2b91bd60-8f9c-4a3a-a9f6-07de7ae11c17
D Roobbie Admans,Lipník nad Bečvou,6f1a096f-3fb1-462d-85da-35cddb424501
D Jessa Feeley,Marovoay,a93293df-b24f-4e7f-8fa8-15390701d840
D Doll McClymonD São Miguel do Rio Torto,16542e97-fcb2-4f2f-af47-0b76a79f5e5e
D Eimile Housecraft,Dąbrowa,74a27adc-5af9-42b9-8b99-c4c46bbbca32
D Mireielle Lynnett,Kaeng Khoi,79c503f4-1036-4174-8389-05a9c3380706
D Sissy Chill,Mayhan,8e31bc9f-2a0c-46db-adad-93fda37d4d63
D Marsh Crooke,Huangge,403cb846-aa8c-4c12-813a-d0b843998c07
D Jammal Hackey,Santa Cruz do Bispo,ab268529-d41a-4e2f-ae0c-f704267cb5da
D Verina Rohlfing,Buenavista,1ca878d0-e2bb-4173-8ca3-f4ff09cc2611
D Anallise Evreux,Shuangqiao,1d1c0131-9ec6-4b35-af63-b48cb97b7e9c
D Jeth LillforD North Cowichan,992c0162-74ee-4e56-aebe-ddc6ff440769
D Leisha Lilliman,Nankou,a9be7a45-1233-4aeb-99fe-e16af81e8dcf
D Jeddy Chadwick,Na'ale,1e98cd0d-f1ce-47d3-b9fb-2d9973087eab
D Nola Colt,Anjani Barat,70ee8788-44cc-4f69-b022-96bef62054a0
D Kath Trainer,Ahmadpur Siāl,f4b9053f-1302-4c37-9f67-5e7705631f6e
D Hunter Rableau,Byczyna,6013ecf7-31cb-49e9-b565-33b25a3009da
D Stacee Crossgrove,Zhenzhushan,cf94f62b-1118-405b-830a-a72bedbb5ac1
D Chrisse Okenden,Mayo,496e168f-b65f-46c7-844f-82080886649c
D Chad Dymocke,Changshengqiao,6620f52e-0e16-4d31-a86a-091eb100bd1b
D Randy Laval,Rožaje,6a04d156-f6e6-43e4-8159-1ed15d17bd73
D Rubia Bastin,Shangyuan,be7808ae-0bf7-46ef-b04d-820fe10bc6ec
D Melloney Harhoff,Knjazevac,2ba51ea5-7fa4-4459-9979-6046c0d1942d
D Mabel Bradman,Enjiang,9ddef8fb-8ea0-4ea5-a9e8-3e66f348e8b5
D Clarisse Mursell,Mount Darwin,ac7f9d74-a07d-4dec-ad9e-58c7c16d41a6
D Kahlil Mowsley,Radiměř,2b75beb4-d41b-4e42-928b-a84f00cb00aa
D Liva MundforD Dawa-Dawa,59cf29d9-95e5-406f-9f6e-d323b41c1a58
D Jarrid Forre,Suchen,8ff64b8a-5eaf-4d4a-8237-6f2f8c2fd237
D Sandor Edelston,Xiakouyi,4fb1fbfb-d778-49a0-947e-178a0b7e7ce8
D Parry Oakden,ŞalākhiD 994c87bd-479f-49e1-be10-90d805c7b646
D Farrand Danilenko,Ditsaan,2e5993fd-7c62-453c-9db1-aef26cd404a1
D Rozalie Greenman,Leifeng,07a17c43-e0ef-4785-a782-f8deafa18aa4
D Amandi Geer,Skała,c505d223-5687-41c6-b93c-6e003e958166
D Wilbert Whittle,Guatraché,db08717e-a305-4792-8029-2bf702bb17ba
D Trude Docksey,Anshan,37b58df3-add6-46b8-be4e-e43a935442cb
D Harbert Baldetti,Payxambabazar,6e99548a-e45e-4c0c-ab01-bd1edbf1adfe
D Brose Last,Welkom,537cb634-a618-433e-850a-82e0359dc8cc
D Morry Reddan,Bulakgebang,2dfa74d6-cc43-4b04-b558-b669c02ae8e2
D Bendite Brown,Keli,1ddfab23-9b40-424a-80f9-6a8f907bd222
D Timothy Innot,Chaoyang,0a20d086-8154-4e11-b4a7-7ed0b5cbf49f
D Briggs Frankton,Quebradas,b93b81f8-9bf2-4386-a0f8-42ca87c1d4ec
D Israel NormanD Áno Sýros,04774c5e-bee4-4599-9da2-09b85e3941f9
D Lira Batho,Viitasaari,f062dcb6-bf25-459c-9578-3ccec23cced8
D Candida Rimes,Pavia,75354e66-10db-4177-845b-b5d0db438501
D Erinn Rodgers,Heping,3c883fbe-81ba-4720-bf34-86212e4708ae
D Gillian Denys,Caçador,9f4efe92-0f05-4f15-b532-f91690115928
D Dulcine Bowkley,Hexi,92a49061-c8cb-4393-8872-7347cd867807
D Gib Brummell,Fūman,3f27a99a-9bf3-4496-ac84-b2b04d67c460
D Frieda Gertz,Itaberaí,d1e4cba6-95f3-43f0-9648-f973f7b15fa4
D Irma Burgwin,Nyandoma,ad8e244f-8308-4f7d-8447-1b6860f24968
D Edik Allington,Bella Vista,c576676a-5f02-41b5-b86e-6de452b1092e
D Spike McFarlanD Gapan,d30c4e5d-2105-4b02-ba26-fbf7c906d343
D Tuckie Colclough,Rosso,ccea442d-7a62-4b7e-bb43-9d6e8715f64f
D Calla Metcalfe,Nikísiani,8609cab9-6a62-4736-9ce2-edac06f71a42
D Rabi Losebie,Changxing,e1096bce-892d-4758-a5d8-4263dd805231
D Hartley Brockie,Kariat Arkmane,628a4559-8a8d-45a6-908e-393367a8a5ad
D Jeramey Millins,Bilicenii Vechi,6045af6d-e353-4b81-8820-78f4029afee9
D Kayle Meir,Bestala,014c1600-ebdb-459e-a219-5d92ba9bbfd8
D Dorette Oughton,Arcos,b376b132-c41c-4c1b-ac31-722c690119ec
D Falito Abrehart,Petaling Jaya,7bb9f5e6-85e6-4060-b694-82d7553d575d
D Alyda Pebworth,Florianópolis,5102f106-d43c-4943-8059-51ce8110309a
D Hetti FulforD Jiancheng,fe50cf8a-4712-45a0-9a79-ac32fdffae72
D Luz Sturgess,Chandler,25ff4621-950e-477a-a183-ff10a8be3777
D Amble Aireton,Sanhe,00beb605-efa7-433c-a59a-ce408f62cf07
D Jamima Verty,Teknāf,2c3ef3c0-ecc1-41b3-be9e-c70638799bbb
D Willie Tilbey,Asímion,16ef3bb8-4ff7-4517-bf99-6cd96b875b1b
D Pieter Kippling,San Cristobal,fb28c4cf-41f6-4571-aaf1-aefbfe1d1efd
D Joy Yoskowitz,Smoky Lake,c6b32272-b3aa-4e48-b033-706be389461f
D Aleece Barette,Pengulu,f1865e0f-2bfe-47f3-b4d7-b04ac5e0c297
D Theodore Pitcaithley,Tiandeng,10c54b60-e8f6-48d5-9d0d-c9ed8fd029b8
D Cybil Maplethorpe,Oklahoma City,c53c8aff-d9f5-4bae-b92b-0ac9f4e5bab4
D Dunn SwitlanD Limeiras,340ed556-a24d-4865-b2ab-ba62d4b14ef3
D Ezekiel Rapkins,Laoshawan,dd803c95-5d5f-469a-8300-4e82d3226909
D Sidoney Rabier,Latacunga,f1bb42a8-44d1-4ee5-88e8-5844038c6ea8
D Cristi Dragoe,Lianhua,fa20b72a-c468-4a47-9acc-86d429e30c2d
D Creight Yabsley,Itami,23d5746f-2d4a-4ee4-ae2c-51485e5de7e2
D Sutherland Wills,Hiroshima-shi,1d65a512-4812-469f-bf1b-cf7b242f9dca
D Marylynne Senn,Skwierzyna,f69ae137-6099-4c49-8320-6e8cc915ce50
D Annadiane Bilney,Kumanovo,90435f7b-4ff4-4ded-836c-53e69562b13e
D Myrvyn Blaise,Gelsenkirchen,b2a95ed3-a199-4a22-be4c-8b6b2c9318d4
D Marjie Rangle,Gornji Petrovci,6ea9edf7-f8fb-4c7f-9969-b9053ee0614e
D Ronnie Thying,Zhili,44abd3d8-20c7-4a2f-96bc-984774278cb1
D Abdel Fresson,Fortaleza,dbe534a3-19cd-4443-8fd1-d12ad178958d
D Noah Cory,Komsomolsk-on-Amur,28de1382-228f-4548-a22d-963ba31db80e
D Clyde Danat,Krajan Tegalombo,f83569e4-ed94-4fbb-9c30-b4d431d3739a
D Corene Tupper,Sangumata,bc5fe597-b812-4eaf-85eb-f7af85eaf210
D Gilles Dutteridge,Yefimovskiy,4a444e97-85d3-4157-9ba5-416bb33a09e9
D Pier Blencowe,Donja Brela,2432c757-d4cd-4498-8e83-1fa1a3f61f85
D Kerry Polson,Qionghu,94da0ea8-b730-465a-ad33-c92a6297168c
D Linnet Swanton,Pulau Pinang,63be2aed-f06c-4be6-b207-dea325cbecd4
D Karel Kenafaque,Camindangan,222bb5e1-2d5e-46ae-9143-62253144c7e8
D Isaiah Bassil,Cañas,b7735c69-3fc9-4f33-aba7-ade3f5d6d2b7
D Guido Lynde,Reitoca,1ddd4b91-43bc-42e3-973a-cd42b7303a30
D Esmeralda Jirasek,Stockholm,4ecc6337-a4ee-4602-bea5-75d8713213af
D Emmi Manske,Bordeaux,662ab7a3-9cb3-487b-a862-0aa3d742eab8
D Floris Reubens,Najd al Jumā‘ī,2f0514bc-549b-40d2-8a58-61d8b59d4c19
D Ursuline Staten,Curridabat,1374de55-1c80-4e32-89ff-7159b7c5ce3d
D Bryna McCritichie,Al Masallamiyya,12e711e7-f6ba-4628-a495-3aec340ad832
D Hollyanne Tungate,Río Grande,519d6775-99d0-480f-8de5-d009d0c3753e
D Bryanty Dyneley,Negara,23a94014-5273-4ee0-9ffa-d48d53a2c044
D Carolina Champken,Konakridee,3a366448-e248-4a3f-ac12-4a31d0f15da7
D Hedi Collen,Lidong,6c046138-03ec-4123-99e1-10058b8a60c5
D Dasha Snailham,Padilla,d0f233e2-2636-43d5-b799-0d8b46c92186
D Nannie Asman,Sansheng,149d73b4-d440-456b-b501-90405cc84962
D Hedy KingswolD Pilot Butte,3707036a-a4a8-437f-a201-443d6e22291a
D Ailene Slogrove,Dasanlian Lauk,8fc8e5d4-da41-443d-aba0-f23173126a91
D Eustacia Mordan,Nova Era,d4bf1412-197a-4fab-9de0-3afa70e0b735
D Leontine Dofty,Dlemer,60806e70-6a0a-4e7c-a434-2d6e55be4053
D Mildrid Kinner,Jaguaruana,534132a7-f209-4260-af48-768c21d45588
D Theobald Charnick,Tarragona,5a24a41a-9f17-46dd-8557-141babf05dc8
D Griz Capon,Caçapava,bf6bd7c9-46a7-4a9e-83b2-baa8129be570
D Genevieve Tenaunt,Heidelberg,5a0e86e2-33bb-4f2d-a235-26a89062712f
D Nerta Woodstock,Şabbūrah,1a9e9746-d7b6-4716-9209-eb8c8cc9633e
D Agnes Holtom,Gąbin,d78dab7f-89a8-4ec6-a5b0-6967ec36c8d6
D Maje Rollett,Maubeuge,4e3b7bb8-881c-4c78-88b4-36d83b2a5aaf
D Brandi Rookledge,Wanfa,d792c0f9-61c5-48ef-9f6c-4fb331154023
D Billi SaywooD Huaizhong,de432c9f-f0be-46bd-b5ea-e83eb54f473e
D Cassey Wort,Le Havre,b4a409a9-3b79-4a0d-9f88-be028611e733
D Graham Sprason,Nāḩiyat Hīrān,957e267b-94fc-4f0b-93a3-fc8a1f520388
D Abbie Matcham,Demir Hisar,ab69d8c1-6da9-4b37-8229-fc969187690b
D Dagny Van Geffen,Zverevo,e0e911d1-c656-42dc-9fbc-4be108ca0854
D Elinor Trodden,Pinayagan Norte,79743fa1-ea53-482a-9da0-a52a00710eb3
D Casandra Essberger,Gaimán,2f92697b-0a50-49ae-99da-75fccaa2ded7
D Bunnie Salsberg,Hidalgo,34163406-7230-43fa-a2c9-68db11db4a5b
D Doris Chilles,Gbarnga,18c7f67e-ff7f-42af-a401-5de27bfce392
D Raleigh Lugg,Wuxia,e3edb7d8-82e4-4ac9-964d-c84be564ec09
D Uri Cow,Goianira,e973adf4-9f4d-4f66-bb6d-b9890c7a7c65
D Crista Pepperill,Tiebiancheng,19a8dff6-f00f-4cda-84ab-e13c7efbb447
D Richmond Grasner,Saint-Pierre,c26fb85d-1ddf-4627-8b0a-1070bd33ff20
D Bob Sheryne,Guanzhou,3449de10-b0b9-41cb-ade4-21aaa1967d6a
D Warren SpilsteD Odolena Voda,67af178e-0939-4d35-b239-8c6743c6c407
D Theda Pedder,Dengmu,53703a5e-6713-4496-8224-5627ce713196
D Toni McVeighty,Popil'nya,f8278046-4c3b-4fa9-b4a8-48e712b51d2f
D Wallis Pee,Shumerlya,b01c5cac-df30-4c95-8caf-2b716bb8bf41
D Jazmin Reihill,Supu,1587ab0d-4a11-4ed4-877d-cacb985c40c4
D Gustave Waiting,Pasir Mas,64ca8949-2b6c-4d73-b07d-1da7930d3736
D Corette Broxap,Nāṟay,9567ba10-47e0-4487-a9d5-6173fc62e3be
D Ray Purdom,Blatná,77115263-a96f-4e1b-bbf4-7b724c0a1826
D Christin Gosswell,Särevere,9b3638d5-3ee3-4ab1-984e-a0c46505a3e6
D Katlin Skirvane,Whitwell,372a1c6b-7cb8-4620-b216-93db1f38e40c
D Zita Richards,Senahú,b916f137-7411-4d08-a68f-762622b901de
D Greggory Stickney,Shuitianzhuang,db582665-ab99-4b70-b4cc-720520a499da
D Arielle De'Ath,Västerås,3b820137-553a-4932-96ad-ffb91eb6b238
D Felicio Follet,Stebnyk,6fa1f0d1-0658-47c8-8008-432e772636eb
D Graham Lemm,Ujmisht,559a363b-2cf1-4e67-bcb3-8f9b61db2f81
D Patty Syne,Āsbe Teferī,bb685d28-38b9-4b21-8695-adf731c08683
D Lyndel Going,Saint-Dié-des-Vosges,ecf6ee25-692d-40d7-b19f-5c4f6607c0c6
D Alexandre Ennor,Canaries,f8e77372-2bcd-4e64-ac16-add3b639a90a
D Geri La Torre,Bondowoso,0eefa23a-dd57-4251-962f-beafd26438de
D Ceciley Godbert,Foz Sousa,aff37528-88d0-4caf-b8c2-0d3b88112e5a
D Garrick Sutherington,Pérama,8874f27e-84f8-4b5c-bc6e-5037bae4946a
D Markos HighwooD Kosów Lacki,c8e9d54f-fc14-46c0-b70d-0224a178d6c1
D Irita Chadwyck,Ketapang,8a9be435-683d-4844-8d63-4420de7c77f9
D Bradford Scarlin,Balqash,902f0308-290b-4a27-b1d5-1b75932299ab
D Ketti Copnell,Palmeira,305c571b-c424-4988-a8cf-bdd9cf62f8f0
D Amble LougheeD Hidalgo,228c855d-bf2c-4963-b58e-bffc957b50f7
D Del Gutierrez,Pinggirsari,83c96d0e-ada2-4815-8b81-1191e36f834e
D Ewen Gordon,Loshnitsa,a73d5ba6-7e42-4868-932d-472674991774
D Hobie FarlanD Jinhaihu,589eae04-3de2-43c1-8de6-2bb35717d9a0
D Court Geake,Waldbredimus,6a146ed0-6cd6-4ec5-8de4-991393c17782
D Wendall Soot,Cakran,8fa5424c-a14b-4828-a80c-2ad5641d7528
D Alisander Dumpleton,Japeri,8f5fe10f-9737-4065-a4c7-09d640459a8f
D Giovanni Raubheim,Laholm,2788990a-c2a6-4afd-87b4-b2e529dbe43c
D Darb Chapiro,Mundri,1c4c9686-d39a-4807-a990-e85312cd43e3
D Hanan Mcwhinnie,Perlez,e3b4eec7-1d24-4114-8ea3-0d47aece796e
D Michelina Kondratenko,Abadiânia,b7be1a42-efd1-4a64-9358-83f7bb59778b
D Emory Dufoure,Monroe,9430cede-af46-40ac-a965-9a678d8835c7
D Waverly Limeburn,Topeka,0492f338-eb2b-4b15-a16e-da9fb2671629
D Shamus Doge,Saint Louis,48d54a97-9fec-45b7-8c8d-2f620cfc89e9
D Mada Rolston,Qunsheng,d8e7bb28-1d9a-40be-8ffb-2aeb75843b36
D Velvet Flatley,Segong,71375e34-2f79-4f2c-aaac-8ca554bf9497
D Whitaker Adriano,Kapuskasing,c311245a-3ad5-44eb-85b1-8bea4a57eb9e
D Barbra Ghidetti,Sūq Şirwāḩ,34227473-d921-4a05-b69f-69443b728e0d
D Nick O' Dornan,Honghe,0cc733f8-de3f-45e4-af7f-5f1a90a85965
D Dorita Gelder,Skrwilno,d570510b-2933-4304-8cec-5e3933ec7c93
D Bryna Stratten,Zhengchang,acefe30f-3962-439c-ba3a-690402b0c16c
D Alyce Santen,Cibunar,766f4b22-1208-42b9-baf3-48c8e5dd0bf3
D Mair Muehler,Jardinópolis,5656d564-461c-4d56-979a-96a009e7cf50
D Jdavie Stabler,Qiman,f0141992-0954-4148-9033-42e2dc26fe6a
D Rebekah Clarycott,Laoxialu,e2794962-d719-4acb-b957-e01fa1a01f83
